id_material,name,compuesto_quimico,aplicacion,fecha_creacion
1,Nanopartículas de óxido de samario,Nanopartículas de dióxido de titanio (TiO₂),Revestimientos cerámicos,4/26/2024
2,Nanopartículas de óxido de disprosio,Nanopartículas de plata (Ag),Imanes,2/2/2024
3,Nanopartículas de óxido de prometio,MXenes (null),Materiales de construcción,7/5/2024
4,Fullerenos,Nanopartículas de óxido de tungsteno (WO₃),Imanes,6/22/2024
5,Nanomateriales cristalinos,Nanopartículas de óxido de disprosio (Dy₂O₃),Pantallas de alta resolución,11/22/2023
6,Nanopartículas de sílice,Nanopartículas de óxido de estaño (SnO₂),Conductores eléctricos,9/17/2024
7,Nanopartículas de óxido de prometio,Nanodiamantes ©,Imanes,8/6/2024
8,Nanopartículas de óxido de neodimio,Hidróxidos dobles laminares (null),Protección solar,9/17/2024
9,Nanopartículas de óxido de tulio,Nanopartículas de platino (Pt),Imanes,12/16/2023
10,Nanopartículas de óxido de disprosio,Nanopartículas de óxido de samario (Sm₂O₃),Diagnóstico médico,10/20/2023
11,Nanopartículas de óxido de aluminio,Puntos cuánticos de carbono ©,Imanes,7/25/2024
12,Nanopartículas de óxido de gadolinio,Nanosheets de nitruro de boro (BN),Imanes,6/19/2024
13,Nanopartículas de óxido de hafnio,Nanopartículas de óxido de iterbio (Yb₂O₃),Protección solar,10/11/2024
14,Nanopartículas de óxido de terbio,Nanopartículas de dióxido de titanio (TiO₂),Dispositivos electrónicos,2/21/2024
15,Nanosheets de MOF 2D,Materiales nanoporosos (null),Imanes,10/29/2023
16,Nanopartículas de óxido de praseodimio,Nanopartículas de óxido de zinc (ZnO),Imanes,2/27/2024
17,Nanomateriales cristalinos,Nanopartículas de óxido de tulio (Tm₂O₃),Fósforos,4/4/2024
18,Nanopartículas de sílice,Nanopartículas de óxido de neodimio (Nd₂O₃),Entrega de medicamentos,7/9/2024
19,Nanopartículas de sílice,Nanopartículas de óxido de gadolinio (Gd₂O₃),Conductores eléctricos,6/5/2024
20,Nanopartículas de hierro,Fullerenos (C₆₀),Imanes,3/31/2024
21,Nanopartículas de óxido de erbio,Nanomateriales cristalinos (null),Imanes,1/22/2024
22,Nanopartículas de óxido de holmio,Nanopartículas de celulosa (C₆H₁₀O₅),Antioxidantes y agentes antivirales,5/21/2024
23,Grafeno,Nanodiamantes ©,Imanes,7/4/2024
24,Nanopartículas de óxido de lutecio,Nanopartículas de óxido de disprosio (Dy₂O₃),Catalizadores,1/1/2024
25,Nanoespumas,Nanomateriales cristalinos (null),Catalizadores,6/19/2024
26,Nanopartículas de óxido de gadolinio,Nanopartículas de óxido de magnesio (MgO),Fósforos,12/5/2023
27,Nanopartículas de óxido de cerio,Nanoespumas (null),Imanes,3/30/2024
28,Nanocompuestos,Nanomateriales cristalinos (null),Fósforos,6/7/2024
29,Nanopartículas de celulosa,Nanopartículas de óxido de disprosio (Dy₂O₃),Transistores de alta velocidad,11/29/2023
30,Fullerenos,Nanosheets de nitruro de boro (BN),Imanes,2/16/2024
31,Puntos cuánticos de carbono,Nanopartículas de óxido de praseodimio (Pr₆O₁₁),Imanes,7/6/2024
32,Nanopartículas de óxido de itrio,Nanopartículas de óxido de erbio (Er₂O₃),Baterías,6/4/2024
33,Nanopartículas de óxido de gadolinio,Nanopartículas de óxido de tungsteno (WO₃),Imanes,2/25/2024
34,Nanopartículas de óxido de disprosio,Nanopartículas de óxido de prometio (Pm₂O₃),Imanes,2/14/2024
35,Nanopartículas de óxido de holmio,Nanopartículas de óxido de tulio (Tm₂O₃),Láseres,7/3/2024
36,Nanopartículas de óxido de lantano,Nanopartículas de óxido de circonio (ZrO₂),Diagnóstico médico,4/10/2024
37,Fullerenos,Nanopartículas de óxido de hierro (Fe₂O₃),Catalizadores,10/2/2024
38,Nanopartículas de óxido de praseodimio,Nanopartículas de oro (Au),Sensores,4/29/2024
39,Nanopartículas de cobre,Grafeno ©,Fósforos,2/7/2024
40,Nanopartículas de óxido de lutecio,Nanopartículas de óxido de tulio (Tm₂O₃),Baterías recargables,4/13/2024
41,Nanopartículas de óxido de samario,Nanopartículas de óxido de lutecio (Lu₂O₃),Imanes,10/25/2023
42,Nanopartículas de óxido de hafnio,MXenes (null),Revestimientos protectores,4/24/2024
43,Nanopartículas de óxido de erbio,Nanopartículas de cobre (Cu),Optoelectrónica,8/22/2024
44,Nanopartículas de cerámica,Nanopartículas de oro (Au),Láseres,1/16/2024
45,Nanopartículas de óxido de erbio,Nanopartículas de óxido de samario (Sm₂O₃),Fósforos,10/6/2024
46,Nanopartículas de óxido de europio,Nanopartículas de óxido de erbio (Er₂O₃),Revestimientos ignífugos,11/14/2023
47,Nanopartículas de óxido de gadolinio,Nanopartículas de óxido de circonio (ZrO₂),Lubricantes y pulido,1/5/2024
48,Nanopartículas de cobre,Nanopartículas de óxido de samario (Sm₂O₃),Fósforos,3/8/2024
49,Nanopartículas de óxido de europio,Nanopartículas de óxido de lutecio (Lu₂O₃),Antioxidantes y agentes antivirales,8/22/2024
50,Nanopartículas de óxido de níquel,Nanohornos de carbono ©,Fibras ópticas,7/12/2024
51,Puntos cuánticos de carbono,Nanopartículas de óxido de gadolinio (Gd₂O₃),Imanes,8/11/2024
52,Nanocompuestos,Nanopartículas de óxido de erbio (Er₂O₃),Refuerzo en materiales compuestos,9/30/2024
53,Nanopartículas de óxido de europio,Nanopartículas de óxido de holmio (Ho₂O₃),Fósforos,4/5/2024
54,Nanopartículas de óxido de samario,MXenes (null),Fósforos,9/28/2024
55,Nanopartículas de óxido de aluminio,Nanopartículas de óxido de samario (Sm₂O₃),Superconductores,2/12/2024
56,Nanopartículas de óxido de lutecio,Nanopartículas de óxido de tulio (Tm₂O₃).,Sensores de gas,1/12/2024
57,Nanotubos de carbono,Nanopartículas de óxido de zinc (ZnO),Imanes,6/15/2024
58,Nanopartículas metálicas,Nanopartículas de óxido de tungsteno (WO₃),Antioxidantes y agentes antivirales,3/8/2024
59,Nanopartículas de óxido de aluminio,MXenes (null),Catálisis,5/6/2024
60,Nanopartículas de óxido de terbio,Nanopartículas de óxido de prometio (Pm₂O₃),Antibacterianos,10/10/2024
61,Nanopartículas de óxido de neodimio,Nanopartículas de óxido de holmio (Ho₂O₃),Aislamiento térmico,10/17/2023
62,Nanopartículas de oro,Nanopartículas de óxido de holmio (Ho₂O₃),Imanes,12/25/2023
63,Nanopartículas de óxido de samario,Nanopartículas de cerámica (null),Refuerzo en materiales compuestos,6/10/2024
64,Nanopartículas de óxido de níquel,Puntos cuánticos de carbono ©,Tratamiento de aguas,10/8/2024
65,Nanopartículas de óxido de disprosio,Nanopartículas de óxido de iterbio (Yb₂O₃),Imanes,8/14/2024
66,Nanocompuestos,Nanopartículas de hierro (Fe),Antibacterianos,11/17/2023
67,Nanopartículas de óxido de disprosio,Nanopartículas de celulosa (C₆H₁₀O₅),Sensores,3/26/2024
68,Nanopartículas de óxido de magnesio,Nanomateriales cristalinos (null),Imanes,7/16/2024
69,Nanopartículas de óxido de holmio,Nanopartículas de platino (Pt),Láseres,8/11/2024
70,Nanodiamantes,Nanopartículas de óxido de terbio (Tb₄O₇),Fibras ópticas,2/11/2024
71,Nanopartículas de dióxido de titanio,Nanopartículas de óxido de gadolinio (Gd₂O₃),Fósforos,11/15/2023
72,Nanopartículas de óxido de europio,Nanopartículas de óxido de prometio (Pm₂O₃),Antibacterianos,8/28/2024
73,Nanopartículas de óxido de circonio,Fullerenos (C₆₀),Fibras ópticas,7/13/2024
74,Nanopartículas de óxido de tulio,Nanopartículas metálicas (null),Láseres,11/5/2023
75,Nanopartículas de óxido de erbio,Nanopartículas de óxido de holmio (Ho₂O₃),Imanes,5/1/2024
76,Nanopartículas de óxido de lutecio,Nanopartículas de óxido de prometio (Pm₂O₃),Refuerzo en materiales compuestos,9/23/2024
77,Nanopartículas de óxido de terbio,Nanopartículas de óxido de gadolinio (Gd₂O₃),Baterías recargables,5/7/2024
78,Nanopartículas de óxido de europio,Nanopartículas de óxido de tulio (Tm₂O₃),Imanes,10/24/2023
79,Nanopartículas de óxido de cerio,Nanotubos de carbono ©,Imanes,12/12/2023
80,Nanosheets de nitruro de boro,Nanodiamantes ©,Imanes,9/27/2024
81,Nanopartículas de óxido de europio,Nanopartículas de óxido de disprosio (Dy₂O₃),Fósforos,8/13/2024
82,MXenes,Nanocompuestos (null),Fósforos,9/12/2024
83,Nanopartículas de óxido de terbio,Nanopartículas metálicas (null),Biomedicina,10/17/2023
84,Nanopartículas de hierro,Nanopartículas metálicas (null),Láseres,10/31/2023
85,Nanopartículas de óxido de prometio,Nanopartículas de óxido de cerio (CeO₂),Fósforos,11/5/2023
86,Nanopartículas de óxido de cobalto,Nanopartículas de núcleo-cáscara (null),Almacenamiento de energía,1/6/2024
87,Nanotubos de carbono,Nanopartículas de sílice (SiO₂),Almacenamiento de energía,10/14/2024
88,Nanopartículas de óxido de holmio,Nanopartículas de óxido de disprosio (Dy₂O₃),Imanes,7/31/2024
89,Nanopartículas de óxido de praseodimio,Nanopartículas de óxido de hafnio (HfO₂),Imanes,10/2/2024
90,Nanopartículas de óxido de prometio,Siliceno (Si),Baterías recargables,2/6/2024
91,Nanopartículas de óxido de cerio,Hidróxidos dobles laminares (null),Adsorción y catálisis,5/9/2024
92,Nanopartículas de óxido de neodimio,Nanoespumas (null),Fósforos,6/5/2024
93,Nanopartículas de óxido de tulio,Nanopartículas de dióxido de titanio (TiO₂),Fósforos,2/25/2024
94,Nanopartículas de óxido de disprosio,Nanopartículas de óxido de iterbio (Yb₂O₃),Imanes,9/9/2024
95,Nanopartículas de óxido de erbio,Nanopartículas de óxido de disprosio (Dy₂O₃),Imanes,1/30/2024
96,Nanopartículas de óxido de lutecio,Nanopartículas de óxido de terbio (Tb₄O₇),Fósforos,3/22/2024
97,Nanopartículas de óxido de lutecio,Nanopartículas de óxido de samario (Sm₂O₃),Láseres,3/10/2024
98,Fullerenos,MXenes (null),Imanes,12/31/2023
99,Nanopartículas de dióxido de titanio,Nanopartículas de oro (Au),Fósforos,5/14/2024
100,Nanopartículas de óxido de erbio,Nanosheets de MOF 2D (null),Fósforos,9/20/2024
101,Nanomateriales cristalinos,Nanopartículas de óxido de samario (Sm₂O₃),Adsorción y catálisis,5/5/2024
102,Nanopartículas de óxido de lutecio,Nanopartículas de óxido de neodimio (Nd₂O₃),Imanes,7/11/2024
103,MXenes,Nanopartículas de óxido de erbio (Er₂O₃),Fósforos,9/28/2024
104,Nanopartículas de óxido de holmio,Nanopartículas de óxido de disprosio (Dy₂O₃),Fibras ópticas,2/20/2024
105,Nanopartículas de óxido de erbio,Nanohornos de carbono ©,Separación de gases,8/6/2024
106,Nanopartículas de óxido de gadolinio,Nanopartículas de oro (Au),Fósforos,3/2/2024
107,Nanopartículas de óxido de cobalto,Nanopartículas de celulosa (C₆H₁₀O₅),Refuerzo en materiales compuestos,7/13/2024
108,Nanopartículas de óxido de praseodimio,Nanopartículas de óxido de europio (Eu₂O₃),Catalizadores,11/14/2023
109,Nanopartículas de hierro,Nanopartículas de óxido de terbio (Tb₄O₇),Almacenamiento de energía,12/13/2023
110,Nanopartículas de celulosa,Nanopartículas de óxido de europio (Eu₂O₃),Imanes,7/2/2024
111,Nanocompuestos,Nanopartículas de óxido de europio (Eu₂O₃),Imanes,8/31/2024
112,Hidróxidos dobles laminares,Nanopartículas de óxido de neodimio (Nd₂O₃),Catalizadores,1/14/2024
113,Nanopartículas de sílice,Materiales nanoporosos (null),Imanes,4/13/2024
114,Fullerenos,Nanopartículas de óxido de zinc (ZnO),Láseres,2/27/2024
115,Nanopartículas de sílice,Nanopartículas de óxido de hafnio (HfO₂),Fibras ópticas,8/31/2024
116,Nanopartículas de oro,Nanopartículas de óxido de disprosio (Dy₂O₃),Revestimientos ignífugos,5/28/2024
117,Nanopartículas de óxido de neodimio,Nanopartículas de hierro (Fe),Imanes,2/19/2024
118,Nanopartículas de óxido de praseodimio,Nanopartículas metálicas (null),Adsorción y catálisis,9/13/2024
119,Nanopartículas de óxido de lutecio,Nanopartículas de óxido de lutecio (Lu₂O₃),Protección solar,7/6/2024
120,Nanopartículas de óxido de europio,Nanopartículas de óxido de holmio (Ho₂O₃),Imanes,10/28/2023
121,Nanopartículas de óxido de estaño,Hidróxidos dobles laminares (null),Imanes,9/21/2024
122,Nanopartículas de óxido de erbio,Nanopartículas de celulosa (C₆H₁₀O₅),Fósforos,11/15/2023
123,Nanopartículas de sílice,Nanopartículas de óxido de samario (Sm₂O₃),Entrega de medicamentos,5/25/2024
124,Nanopartículas de óxido de circonio,Nanomateriales cristalinos (null),Baterías recargables,1/20/2024
125,Nanopartículas de óxido de holmio,Nanopartículas de óxido de cobalto (Co₃O₄),Imanes,12/30/2023
126,Nanopartículas de sílice,Nanopartículas de óxido de prometio (Pm₂O₃),Fibras ópticas,6/7/2024
127,Nanopartículas de óxido de tulio,Nanopartículas de óxido de erbio (Er₂O₃),Tratamiento de aguas,1/12/2024
128,Nanopartículas de óxido de erbio,Nanopartículas de óxido de europio (Eu₂O₃),Fósforos,9/23/2024
129,Nanopartículas de óxido de disprosio,Nanopartículas de óxido de samario (Sm₂O₃),Fósforos,1/3/2024
130,Fullerenos,Nanopartículas de óxido de prometio (Pm₂O₃),Fibras ópticas,11/23/2023
131,Nanopartículas de óxido de terbio,Nanopartículas de óxido de prometio (Pm₂O₃),Fósforos,8/6/2024
132,Nanopartículas de cerámica,Nanotubos de carbono ©,Imanes,1/14/2024
133,Nanopartículas de óxido de prometio,Nanopartículas de óxido de zinc (ZnO),Fósforos,1/2/2024
134,Nanopartículas de óxido de gadolinio,Nanopartículas de óxido de cobalto (Co₃O₄),Imanes,4/23/2024
135,Nanopartículas de óxido de gadolinio,Materiales nanoporosos (null),Imanes,6/16/2024
136,Nanopartículas de óxido de iterbio,Nanopartículas de óxido de hierro (Fe₂O₃),Imanes,11/21/2023
137,Nanopartículas de óxido de estaño,Nanopartículas de óxido de europio (Eu₂O₃),Imanes,12/17/2023
138,Nanopartículas de óxido de praseodimio,Nanopartículas de óxido de disprosio (Dy₂O₃),Fósforos,5/26/2024
139,Nanopartículas de sílice,Grafeno ©,Fósforos,4/22/2024
140,Puntos cuánticos de carbono,Nanopartículas de óxido de erbio (Er₂O₃),Imanes,7/18/2024
141,Nanopartículas de óxido de samario,Nanopartículas de óxido de lantano (La₂O₃),Imanes,8/11/2024
142,Nanodiamantes,Nanopartículas de óxido de samario (Sm₂O₃),Revestimientos protectores,2/11/2024
143,Nanosheets de nitruro de boro,Nanopartículas de óxido de hierro (Fe₂O₃),Revestimientos protectores,10/29/2023
144,Nanopartículas de óxido de lutecio,Puntos cuánticos de carbono ©,Entrega de medicamentos,10/30/2023
145,Nanopartículas de oro,Nanopartículas de óxido de holmio (Ho₂O₃),Imanes,4/13/2024
146,Nanopartículas de óxido de erbio,Grafeno ©,Baterías,2/22/2024
147,Nanopartículas de óxido de lantano,Nanopartículas de óxido de erbio (Er₂O₃),Imanes,3/21/2024
148,Nanopartículas de óxido de disprosio,Nanopartículas de óxido de hafnio (HfO₂),Materiales de construcción,3/10/2024
149,Hidróxidos dobles laminares,Nanopartículas de oro (Au),Dispositivos electrónicos,9/29/2024
150,Nanopartículas de óxido de lutecio,Nanopartículas de óxido de magnesio (MgO),Baterías recargables,10/6/2024
151,Nanopartículas de óxido de erbio,Nanopartículas de óxido de lutecio (Lu₂O₃),Optoelectrónica,11/29/2023
152,Nanopartículas de óxido de terbio,Nanopartículas de óxido de hierro (Fe₂O₃),Láseres,8/8/2024
153,Nanopartículas de óxido de holmio,Nanopartículas de óxido de cerio (CeO₂),Catalizadores,3/3/2024
154,Nanopartículas de óxido de gadolinio,Nanopartículas de óxido de iterbio (Yb₂O₃),Imanes,9/29/2024
155,Nanopartículas de óxido de lutecio,Nanopartículas de plata (Ag),Fósforos,12/13/2023
156,Nanopartículas de óxido de praseodimio,MXenes (null),Imanes,1/5/2024
157,Nanopartículas de óxido de iterbio,Nanopartículas de óxido de holmio (Ho₂O₃),Imanes,6/14/2024
158,Nanopartículas de óxido de disprosio,Grafeno ©,Optoelectrónica,9/21/2024
159,Nanopartículas de óxido de erbio,Nanopartículas de óxido de neodimio (Nd₂O₃),Imanes,5/19/2024
160,Nanopartículas de óxido de aluminio,Nanopartículas de óxido de lantano (La₂O₃),Imanes,9/18/2024
161,Nanopartículas de óxido de gadolinio,Nanopartículas de óxido de neodimio (Nd₂O₃),Láseres,10/15/2024
162,Nanopartículas de óxido de samario,Nanopartículas de óxido de terbio (Tb₄O₇),Tratamiento de aguas,11/14/2023
163,Nanopartículas de óxido de gadolinio,Nanocompuestos (null),Baterías,7/4/2024
164,Nanopartículas de óxido de terbio,Nanosheets de MOF 2D (null),Fibras ópticas,11/15/2023
165,Nanopartículas de óxido de lutecio,Nanopartículas de óxido de lutecio (Lu₂O₃),Imanes,3/16/2024
166,Nanopartículas de óxido de erbio,Nanopartículas de óxido de estaño (SnO₂),Láseres,12/5/2023
167,Nanopartículas de óxido de tulio.,Puntos cuánticos de carbono ©,Almacenamiento de energía,7/25/2024
168,Nanopartículas de óxido de europio,Nanopartículas de óxido de tungsteno (WO₃),Imanes,4/17/2024
169,Nanopartículas de platino,Nanopartículas metálicas (null),Imanes,10/31/2023
170,Nanopartículas de óxido de erbio,Nanopartículas de óxido de gadolinio (Gd₂O₃),Electrónica flexible,9/11/2024
171,Nanopartículas de óxido de europio,Nanopartículas de celulosa (C₆H₁₀O₅),Imanes,9/29/2024
172,Nanopartículas de óxido de samario,Nanopartículas de óxido de disprosio (Dy₂O₃),Imanes,11/8/2023
173,Nanomateriales cristalinos,Nanopartículas de óxido de praseodimio (Pr₆O₁₁),Imanes,4/1/2024
174,MXenes,Nanopartículas de óxido de terbio (Tb₄O₇),Imanes,8/17/2024
175,Nanopartículas de óxido de hafnio,Nanosheets de MOF 2D (null),Fósforos,4/9/2024
176,Nanopartículas de hierro,Nanopartículas de óxido de estaño (SnO₂),Imanes,4/6/2024
177,Grafeno,Nanopartículas de óxido de samario (Sm₂O₃),Imanes,8/19/2024
178,Nanopartículas de óxido de gadolinio,Nanocompuestos (null),Imanes,10/14/2024
179,Nanopartículas de óxido de terbio,Nanocompuestos (null),Lubricantes y pulido,9/28/2024
180,Materiales nanoporosos,Nanopartículas de óxido de gadolinio (Gd₂O₃),Imanes,10/26/2023
181,Nanopartículas metálicas,Nanohornos de carbono ©,Fósforos,5/11/2024
182,MXenes,Nanopartículas de óxido de tulio (Tm₂O₃).,Imanes,2/2/2024
183,Nanodiamantes,Nanotubos de carbono ©,Baterías,8/21/2024
184,Fullerenos,Nanopartículas de óxido de aluminio (Al₂O₃),Imanes,9/12/2024
185,Nanopartículas de hierro,Nanopartículas de óxido de iterbio (Yb₂O₃),Imanes,12/18/2023
186,Nanopartículas de óxido de erbio,Nanopartículas de óxido de magnesio (MgO),Fibras ópticas,4/25/2024
187,Nanopartículas de óxido de praseodimio,Siliceno (Si),Adsorción y catálisis,7/2/2024
188,Nanopartículas de óxido de itrio,Nanopartículas de cobre (Cu),Fibras ópticas,3/25/2024
189,Nanopartículas de óxido de prometio,Nanopartículas de óxido de terbio (Tb₄O₇),Imanes,10/30/2023
190,Nanotubos de carbono,Nanopartículas de óxido de neodimio (Nd₂O₃),Fósforos,4/18/2024
191,Nanohornos de carbono,Nanoespumas (null),Láseres,11/8/2023
192,Nanopartículas de óxido de terbio,Nanopartículas de óxido de gadolinio (Gd₂O₃),Láseres,10/10/2024
193,Nanopartículas de oro,Nanopartículas de óxido de prometio (Pm₂O₃),Refuerzo en materiales compuestos,10/11/2024
194,Nanopartículas de óxido de níquel,Nanopartículas de óxido de holmio (Ho₂O₃),Láseres,11/14/2023
195,MXenes,Nanopartículas de óxido de disprosio (Dy₂O₃),Imanes,2/3/2024
196,Nanopartículas de óxido de circonio,Nanopartículas de óxido de disprosio (Dy₂O₃),Antioxidantes y agentes antivirales,8/22/2024
197,Nanopartículas de plata,Nanopartículas de óxido de holmio (Ho₂O₃),Aislamiento térmico,2/27/2024
198,Nanopartículas de óxido de tulio.,Nanopartículas de óxido de zinc (ZnO),Catalizadores,3/24/2024
199,Nanopartículas de óxido de tulio,Nanopartículas de óxido de holmio (Ho₂O₃),Imanes,8/9/2024
200,Nanopartículas de óxido de erbio,Nanopartículas de óxido de erbio (Er₂O₃),Láseres.,5/6/2024
201,Nanopartículas de óxido de tungsteno,Nanopartículas de óxido de terbio (Tb₄O₇),Imanes,12/19/2023
202,Nanopartículas de óxido de neodimio,Fullerenos (C₆₀),Antioxidantes y agentes antivirales,12/22/2023
203,Nanopartículas de óxido de aluminio,Nanopartículas de óxido de gadolinio (Gd₂O₃),Fibras ópticas,1/27/2024
204,Nanopartículas de óxido de prometio,Nanopartículas de óxido de disprosio (Dy₂O₃),Imanes,10/18/2023
205,Nanopartículas de dióxido de titanio,Nanopartículas de óxido de praseodimio (Pr₆O₁₁),Baterías,5/11/2024
206,Nanopartículas de óxido de níquel,Nanopartículas de óxido de prometio (Pm₂O₃),Fósforos,2/5/2024
207,Nanopartículas de platino,Nanopartículas de óxido de europio (Eu₂O₃),Fósforos,5/22/2024
208,Nanopartículas de óxido de gadolinio,Nanopartículas de óxido de neodimio (Nd₂O₃),Fósforos,4/24/2024
209,Nanopartículas de óxido de lutecio,Nanopartículas de óxido de circonio (ZrO₂),Fósforos,1/8/2024
210,Puntos cuánticos de carbono,Nanopartículas de óxido de gadolinio (Gd₂O₃),Transistores de alta velocidad,11/28/2023
211,Nanopartículas de óxido de gadolinio,Nanosheets de MOF 2D (null),Láseres,11/25/2023
212,Nanopartículas de óxido de gadolinio,Nanopartículas de óxido de erbio (Er₂O₃),Imanes,8/7/2024
213,Nanopartículas de óxido de hafnio,Nanopartículas de cobre (Cu),Catalizadores,8/4/2024
214,Nanopartículas de óxido de iterbio,Nanopartículas de óxido de europio (Eu₂O₃),Imanes,7/4/2024
215,Nanopartículas de óxido de gadolinio,Nanodiamantes ©,Imanes,5/6/2024
216,Nanopartículas de dióxido de titanio,Nanopartículas de cerámica (null),Fósforos,8/10/2024
217,Nanopartículas de plata,Nanocompuestos (null),Fósforos,1/10/2024
218,Nanopartículas de óxido de tulio,Nanopartículas de óxido de neodimio (Nd₂O₃),Imanes,11/21/2023
219,Nanopartículas de óxido de neodimio,Puntos cuánticos de carbono ©,Imanes,11/29/2023
220,Nanopartículas de óxido de neodimio,Nanopartículas de dióxido de titanio (TiO₂),Imanes,3/8/2024
221,Nanopartículas de oro,Nanopartículas de óxido de aluminio (Al₂O₃),Aislamiento térmico,12/3/2023
222,Siliceno,Nanopartículas de óxido de europio (Eu₂O₃),Imanes,5/7/2024
223,Nanopartículas de óxido de prometio,Nanopartículas de óxido de cobalto (Co₃O₄),Adsorción y catálisis,2/25/2024
224,Nanopartículas de óxido de gadolinio,Nanopartículas de óxido de zinc (ZnO),Imanes,3/26/2024
225,Nanopartículas de óxido de lutecio,Nanopartículas de óxido de praseodimio (Pr₆O₁₁),Fósforos,3/20/2024
226,Nanopartículas de óxido de neodimio,Nanopartículas de óxido de gadolinio (Gd₂O₃),Imanes,7/5/2024
227,Nanopartículas de óxido de disprosio,Nanodiamantes ©,Superconductores,3/24/2024
228,Nanopartículas de óxido de europio,Grafeno ©,Fibras ópticas,12/19/2023
229,Nanopartículas de óxido de zinc,Nanopartículas de óxido de holmio (Ho₂O₃),Imanes,5/24/2024
230,Nanopartículas de óxido de iterbio,Nanopartículas de platino (Pt),Fósforos,4/12/2024
231,Nanopartículas de óxido de cerio,Nanopartículas de óxido de iterbio (Yb₂O₃),Imanes,7/31/2024
232,Nanopartículas de óxido de neodimio,Nanocompuestos (null),Refuerzo en materiales compuestos,1/26/2024
233,Nanopartículas de óxido de tulio,Nanopartículas de óxido de terbio (Tb₄O₇),Fibras ópticas,4/25/2024
234,Nanopartículas de óxido de praseodimio,Nanopartículas de óxido de neodimio (Nd₂O₃),Imanes,10/23/2023
235,Nanopartículas de óxido de estaño,Nanopartículas de óxido de holmio (Ho₂O₃),Imanes,10/31/2023
236,Nanopartículas de óxido de tulio,Nanopartículas de óxido de samario (Sm₂O₃),Fibras ópticas,1/23/2024
237,Antimoneno,Nanopartículas de óxido de lutecio (Lu₂O₃),Fósforos,7/7/2024
238,Nanopartículas de sílice,Nanopartículas de óxido de lantano (La₂O₃),Imanes,5/5/2024
239,Nanopartículas de óxido de lantano,Nanopartículas de óxido de praseodimio (Pr₆O₁₁),Refuerzo en materiales compuestos,9/24/2024
240,Nanopartículas de óxido de terbio,Nanotubos de carbono ©,Fibras ópticas,12/22/2023
241,Nanopartículas de sílice,Nanopartículas de óxido de praseodimio (Pr₆O₁₁),Láseres.,10/29/2023
242,Nanopartículas de hierro,Nanopartículas de óxido de terbio (Tb₄O₇),Optoelectrónica,3/28/2024
243,Nanopartículas de óxido de tulio.,Nanopartículas de óxido de circonio (ZrO₂),Láseres,9/7/2024
244,Grafeno,Nanopartículas de óxido de hierro (Fe₂O₃),Imanes,11/19/2023
245,Nanopartículas de óxido de gadolinio,Nanopartículas de óxido de gadolinio (Gd₂O₃),Fósforos,10/5/2024
246,Nanopartículas de óxido de europio,Nanopartículas de óxido de gadolinio (Gd₂O₃),Fibras ópticas,9/13/2024
247,Nanomateriales cristalinos,Nanopartículas de óxido de lutecio (Lu₂O₃),Dispositivos electrónicos,8/14/2024
248,Nanopartículas de óxido de cobalto,Nanopartículas de óxido de tulio (Tm₂O₃).,Aislamiento térmico,10/18/2023
249,Nanopartículas de óxido de tungsteno,Nanopartículas de óxido de gadolinio (Gd₂O₃),Imanes,3/5/2024
250,Nanopartículas de óxido de lantano,Nanopartículas de óxido de neodimio (Nd₂O₃),Imanes,7/22/2024
251,Nanopartículas de óxido de gadolinio,Nanopartículas de plata (Ag),Imanes,3/14/2024
252,Nanomateriales cristalinos,Materiales nanoporosos (null),Tratamiento de aguas,11/7/2023
253,Nanopartículas de óxido de erbio,Nanopartículas de óxido de estaño (SnO₂),Imanes,2/4/2024
254,Materiales nanoporosos,Nanopartículas de óxido de europio (Eu₂O₃),Materiales de construcción,9/30/2024
255,Nanosheets de nitruro de boro,MXenes (null),Imanes,10/12/2024
256,Nanodiamantes,Nanopartículas de óxido de lantano (La₂O₃),Imanes,7/10/2024
257,Nanopartículas de óxido de tulio.,Nanopartículas de óxido de erbio (Er₂O₃),Fibras ópticas,1/23/2024
258,Nanopartículas de óxido de prometio,Nanopartículas de núcleo-cáscara (null),Electrónica flexible,9/27/2024
259,Nanopartículas de óxido de cerio,Nanopartículas de óxido de europio (Eu₂O₃),Fósforos,8/13/2024
260,Nanopartículas de cerámica,Nanohornos de carbono ©,Imanes,2/11/2024
261,Nanopartículas de platino,Fullerenos (C₆₀),Fibras ópticas,4/6/2024
262,Nanopartículas de óxido de europio,Nanopartículas de óxido de tungsteno (WO₃),Imanes,9/17/2024
263,Nanopartículas de óxido de aluminio,Nanopartículas de óxido de europio (Eu₂O₃),Tratamiento de aguas,7/13/2024
264,Nanosheets de MOF 2D,Nanopartículas de óxido de holmio (Ho₂O₃),Fósforos,12/20/2023
265,Nanopartículas de óxido de tulio,Nanopartículas de óxido de zinc (ZnO),Fibras ópticas,4/16/2024
266,Nanopartículas de hierro,Nanocompuestos (null),Imanes,4/7/2024
267,Nanopartículas de óxido de lutecio,Nanopartículas de óxido de itrio (Y₂O₃),Pantallas de alta resolución,11/15/2023
268,Nanosheets de MOF 2D,Nanopartículas de óxido de erbio (Er₂O₃),Superconductores,1/9/2024
269,Nanopartículas de óxido de magnesio,Nanopartículas de óxido de magnesio (MgO),Imanes,9/28/2024
270,Nanopartículas de óxido de prometio,Nanopartículas de óxido de estaño (SnO₂),Láseres,8/25/2024
271,Nanohornos de carbono,Nanopartículas de óxido de erbio (Er₂O₃),Imanes,10/14/2024
272,Nanopartículas de óxido de gadolinio,Nanopartículas de celulosa (C₆H₁₀O₅),Catalizadores,4/21/2024
273,Nanopartículas de cobre,Nanopartículas de óxido de erbio (Er₂O₃),Imanes,4/14/2024
274,Nanopartículas de óxido de gadolinio,MXenes (null),Imanes,4/16/2024
275,Nanopartículas de óxido de lantano,Nanopartículas de núcleo-cáscara (null),Refuerzo en materiales compuestos,10/6/2024
276,Nanopartículas de óxido de prometio,Nanopartículas de óxido de estaño (SnO₂),Imanes,2/27/2024
277,Nanopartículas de óxido de aluminio,Nanopartículas de óxido de samario (Sm₂O₃),Catalizadores,7/1/2024
278,Nanopartículas de óxido de gadolinio,Nanopartículas de óxido de lantano (La₂O₃),Fósforos,12/4/2023
279,Nanopartículas de óxido de europio,Nanopartículas de óxido de iterbio (Yb₂O₃),Imanes,10/31/2023
280,Nanosheets de MOF 2D,Nanosheets de MOF 2D (null),Catálisis,3/22/2024
281,Nanopartículas de óxido de erbio,Nanopartículas de óxido de tulio (Tm₂O₃).,Fibras ópticas,12/22/2023
282,Nanopartículas de hierro,Nanopartículas de óxido de disprosio (Dy₂O₃),Imanes,2/22/2024
283,Nanopartículas de óxido de terbio,Nanopartículas de óxido de erbio (Er₂O₃),Imanes,1/19/2024
284,Nanopartículas de óxido de gadolinio,Nanopartículas de óxido de holmio (Ho₂O₃),Imanes,1/31/2024
285,Nanopartículas de óxido de tulio,Nanopartículas de óxido de praseodimio (Pr₆O₁₁),Biomedicina,8/21/2024
286,Nanopartículas metálicas,Nanopartículas de óxido de terbio (Tb₄O₇),Conductores eléctricos,2/18/2024
287,Puntos cuánticos de carbono,Nanopartículas de óxido de terbio (Tb₄O₇),Imanes,10/11/2024
288,Nanopartículas de óxido de neodimio,Nanopartículas de óxido de aluminio (Al₂O₃),Fósforos,9/20/2024
289,Nanopartículas de óxido de lutecio,Nanopartículas de óxido de prometio (Pm₂O₃),Fibras ópticas,3/25/2024
290,Nanopartículas de óxido de iterbio,Nanopartículas de óxido de holmio (Ho₂O₃),Imanes,10/21/2023
291,Nanomateriales cristalinos,Nanopartículas de óxido de zinc (ZnO),Imanes,4/1/2024
292,Nanopartículas de óxido de disprosio,Nanopartículas de óxido de tungsteno (WO₃),Almacenamiento de energía,5/11/2024
293,Nanopartículas de óxido de terbio,Nanopartículas de óxido de terbio (Tb₄O₇),Sensores,8/17/2024
294,Nanopartículas de óxido de gadolinio,Nanopartículas de óxido de lutecio (Lu₂O₃),Entrega de medicamentos,4/5/2024
295,Siliceno,Nanopartículas de óxido de neodimio (Nd₂O₃),Láseres,10/18/2023
296,Nanopartículas de óxido de disprosio,Nanopartículas de dióxido de titanio (TiO₂),Imanes,10/21/2023
297,Antimoneno,Nanopartículas de óxido de terbio (Tb₄O₇),Sensores de gas,8/5/2024
298,Nanopartículas de óxido de cobalto,Nanopartículas de dióxido de titanio (TiO₂),Fibras ópticas,9/15/2024
299,Nanopartículas de núcleo-cáscara,Nanopartículas de dióxido de titanio (TiO₂),Catálisis,4/14/2024
300,Nanocompuestos,Nanopartículas de óxido de tungsteno (WO₃),Láseres,11/16/2023
301,Nanopartículas de óxido de neodimio,Nanopartículas de óxido de holmio (Ho₂O₃),Fósforos,8/21/2024
302,Nanopartículas de óxido de hierro,Nanopartículas de óxido de cerio (CeO₂),Fósforos,1/28/2024
303,Nanopartículas de óxido de magnesio,Nanopartículas de óxido de circonio (ZrO₂),Fósforos,2/6/2024
304,Nanopartículas de óxido de lutecio,Materiales nanoporosos (null),Refuerzo en materiales compuestos,8/29/2024
305,Nanopartículas de óxido de magnesio,Fullerenos (C₆₀),Imanes,4/26/2024
306,Nanopartículas de óxido de europio,Nanopartículas de cerámica (null),Láseres,11/4/2023
307,Nanoespumas,Nanopartículas de óxido de zinc (ZnO),Fósforos,9/4/2024
308,Puntos cuánticos de carbono,Nanopartículas de óxido de aluminio (Al₂O₃),Imanes,4/15/2024
309,Nanopartículas de óxido de holmio,Nanopartículas de óxido de samario (Sm₂O₃),Imanes,2/24/2024
310,Hidróxidos dobles laminares,Nanopartículas de óxido de samario (Sm₂O₃),Dispositivos electrónicos,8/17/2024
311,Nanopartículas de óxido de prometio,Nanopartículas de óxido de lutecio (Lu₂O₃),Catálisis,10/7/2024
312,Nanopartículas de óxido de gadolinio,Nanopartículas de óxido de tungsteno (WO₃),Imanes,12/13/2023
313,Nanopartículas de óxido de europio,Nanopartículas de óxido de iterbio (Yb₂O₃),Aislamiento térmico,9/18/2024
314,Nanopartículas de óxido de neodimio,Nanopartículas de óxido de samario (Sm₂O₃),Diagnóstico médico,11/2/2023
315,Nanopartículas de óxido de praseodimio,Nanopartículas de óxido de holmio (Ho₂O₃),Fibras ópticas,11/25/2023
316,Puntos cuánticos de carbono,Nanopartículas de núcleo-cáscara (null),Imanes,6/19/2024
317,Antimoneno,Nanopartículas de platino (Pt),Optoelectrónica,4/22/2024
318,Nanopartículas de óxido de neodimio,Nanopartículas de óxido de lantano (La₂O₃),Imanes,1/22/2024
319,Nanopartículas de óxido de prometio,Nanopartículas de óxido de terbio (Tb₄O₇),Fósforos,5/15/2024
320,Antimoneno,Nanopartículas de óxido de disprosio (Dy₂O₃),Revestimientos ignífugos,10/5/2024
321,Nanopartículas de óxido de samario,Nanopartículas de óxido de circonio (ZrO₂),Láseres,5/9/2024
322,Nanopartículas de óxido de neodimio,Nanopartículas de óxido de praseodimio (Pr₆O₁₁),Láseres,7/20/2024
323,Nanopartículas de óxido de prometio,Materiales nanoporosos (null),Imanes,5/30/2024
324,Nanopartículas de cerámica,Nanopartículas de núcleo-cáscara (null),Fósforos,2/27/2024
325,Nanopartículas de hierro,Nanopartículas de óxido de iterbio (Yb₂O₃),Baterías,9/9/2024
326,Nanopartículas de óxido de erbio,Siliceno (Si),Imanes,8/29/2024
327,Nanopartículas de óxido de terbio,Nanopartículas de óxido de erbio (Er₂O₃),Diagnóstico médico,3/31/2024
328,Nanopartículas de óxido de lutecio,Nanopartículas de óxido de holmio (Ho₂O₃),Fósforos,2/24/2024
329,Nanopartículas de óxido de hafnio,Nanopartículas de óxido de zinc (ZnO),Catalizadores,2/20/2024
330,Nanopartículas de óxido de aluminio,Nanopartículas de óxido de gadolinio (Gd₂O₃),Imanes,7/3/2024
331,Nanopartículas de cerámica,Nanopartículas de óxido de europio (Eu₂O₃),Imanes,3/4/2024
332,Nanopartículas de óxido de disprosio,Nanopartículas de óxido de tulio (Tm₂O₃).,Baterías recargables,9/30/2024
333,Nanopartículas de óxido de lutecio,Nanopartículas de óxido de samario (Sm₂O₃),Imanes,5/22/2024
334,Nanopartículas de óxido de holmio,Nanopartículas de óxido de gadolinio (Gd₂O₃),Imanes,6/28/2024
335,Nanopartículas de hierro,Puntos cuánticos de carbono ©,Antioxidantes y agentes antivirales,1/18/2024
336,Nanopartículas de óxido de estaño,Nanomateriales cristalinos (null),Imanes,10/28/2023
337,Nanopartículas de óxido de disprosio,Nanopartículas de óxido de zinc (ZnO),Dispositivos electrónicos,8/7/2024
338,Nanopartículas de óxido de europio,Nanopartículas de óxido de praseodimio (Pr₆O₁₁),Electrónica flexible,8/23/2024
339,Nanopartículas de núcleo-cáscara,Nanopartículas de dióxido de titanio (TiO₂),Lubricantes y pulido,3/2/2024
340,Nanopartículas de óxido de prometio,Nanopartículas de óxido de circonio (ZrO₂),Revestimientos cerámicos,10/20/2023
341,Nanopartículas de óxido de gadolinio,Nanosheets de nitruro de boro (BN),Fibras ópticas,5/10/2024
342,Nanopartículas de platino,Nanocompuestos (null),Aislamiento térmico,3/7/2024
343,Nanopartículas de óxido de samario,Nanopartículas de óxido de tulio (Tm₂O₃).,Fibras ópticas,4/12/2024
344,Nanopartículas de óxido de prometio,Nanopartículas de óxido de disprosio (Dy₂O₃),Protección solar,3/5/2024
345,Nanopartículas de óxido de estaño,Nanopartículas de óxido de terbio (Tb₄O₇),Imanes,1/19/2024
346,Nanopartículas de óxido de holmio,Grafeno ©,Dispositivos electrónicos,7/19/2024
347,MXenes,Nanopartículas de cobre (Cu),Imanes,9/16/2024
348,Nanopartículas de núcleo-cáscara,Nanopartículas de óxido de praseodimio (Pr₆O₁₁),Almacenamiento de energía,6/16/2024
349,Nanopartículas de óxido de prometio,Nanoespumas (null),Tratamiento de aguas,4/24/2024
350,Nanopartículas de óxido de disprosio,Nanopartículas de óxido de disprosio (Dy₂O₃),Fósforos,9/3/2024
351,Nanopartículas de dióxido de titanio,Nanosheets de MOF 2D (null),Imanes,11/23/2023
352,Nanopartículas de óxido de holmio,Nanosheets de nitruro de boro (BN),Baterías recargables,5/12/2024
353,Nanopartículas de óxido de samario,Nanopartículas de óxido de gadolinio (Gd₂O₃),Imanes,9/19/2024
354,Nanopartículas de óxido de prometio,Nanopartículas de óxido de itrio (Y₂O₃),Transistores de alta velocidad,10/20/2023
355,Hidróxidos dobles laminares,Nanopartículas metálicas (null),Imanes,7/14/2024
356,Nanopartículas de óxido de erbio,Nanopartículas de óxido de gadolinio (Gd₂O₃),Biomedicina,5/3/2024
357,Nanopartículas de óxido de disprosio,Nanopartículas de óxido de cobalto (Co₃O₄),Imanes,6/7/2024
358,Grafeno,Nanopartículas de óxido de gadolinio (Gd₂O₃),Electrónica flexible,1/11/2024
359,Nanopartículas de óxido de estaño,Nanopartículas de plata (Ag),Imanes,4/18/2024
360,Nanopartículas de óxido de prometio,Nanopartículas de óxido de terbio (Tb₄O₇),Imanes,11/27/2023
361,Nanopartículas de óxido de erbio,Nanopartículas de dióxido de titanio (TiO₂),Láseres,2/12/2024
362,Nanopartículas de óxido de samario,Fullerenos (C₆₀),Fósforos,9/26/2024
363,Nanopartículas de óxido de holmio,Nanomateriales cristalinos (null),Imanes,8/3/2024
364,Nanodiamantes,Nanopartículas de óxido de zinc (ZnO),Aislamiento térmico,6/26/2024
365,Nanopartículas de óxido de erbio,Nanopartículas de óxido de gadolinio (Gd₂O₃),Imanes,8/23/2024
366,Puntos cuánticos de carbono,Nanopartículas de óxido de erbio (Er₂O₃),Superconductores,12/26/2023
367,Nanopartículas de óxido de zinc,Nanopartículas de oro (Au),Láseres,10/24/2023
368,Nanopartículas de óxido de cobalto,Nanoespumas (null),Imanes,4/19/2024
369,Nanopartículas de óxido de praseodimio,Nanopartículas de óxido de lutecio (Lu₂O₃),Fibras ópticas,2/17/2024
370,Nanopartículas de óxido de holmio,Nanotubos de carbono ©,Revestimientos ignífugos,8/6/2024
371,Nanopartículas de óxido de neodimio,Nanopartículas metálicas (null),Láseres,10/22/2023
372,Nanopartículas de óxido de erbio,Materiales nanoporosos (null),Optoelectrónica,11/10/2023
373,Nanopartículas de óxido de praseodimio,Nanopartículas de óxido de europio (Eu₂O₃),Imanes,12/4/2023
374,Nanopartículas de óxido de erbio,Nanopartículas de óxido de europio (Eu₂O₃),Láseres,2/11/2024
375,Nanopartículas metálicas,Nanopartículas de óxido de terbio (Tb₄O₇),Baterías,7/29/2024
376,Nanopartículas de oro,Nanomateriales cristalinos (null),Diagnóstico médico,7/4/2024
377,Puntos cuánticos de carbono,Nanopartículas de óxido de holmio (Ho₂O₃),Catálisis,6/10/2024
378,Nanopartículas de óxido de holmio,MXenes (null),Catálisis,4/16/2024
379,Nanopartículas de óxido de lutecio,Nanosheets de MOF 2D (null),Fósforos,8/7/2024
380,Nanodiamantes,Nanotubos de carbono ©,Imanes,2/26/2024
381,Nanopartículas de óxido de lutecio,Nanopartículas de óxido de hafnio (HfO₂),Fósforos,7/19/2024
382,Nanopartículas de óxido de lutecio,Nanopartículas de plata (Ag),Imanes,9/20/2024
383,Antimoneno,Nanopartículas de óxido de cobalto (Co₃O₄),Imanes,10/8/2024
384,Nanopartículas de hierro,Nanoespumas (null),Imanes,1/23/2024
385,Nanopartículas de óxido de gadolinio,Nanopartículas de óxido de neodimio (Nd₂O₃),Imanes,9/12/2024
386,Nanopartículas de óxido de europio,Nanohornos de carbono ©,Tratamiento de aguas,4/6/2024
387,Nanopartículas de óxido de lutecio,Nanopartículas de óxido de hafnio (HfO₂),Conductores eléctricos,3/25/2024
388,Nanopartículas de óxido de tulio,Nanopartículas de sílice (SiO₂),Refuerzo en caucho,10/20/2023
389,Nanopartículas de óxido de terbio,Nanopartículas de óxido de lantano (La₂O₃),Electrónica flexible,2/14/2024
390,Nanodiamantes,Nanopartículas de óxido de gadolinio (Gd₂O₃),Catalizadores,4/26/2024
391,Nanotubos de carbono,Nanopartículas de óxido de europio (Eu₂O₃),Láseres,11/18/2023
392,Nanopartículas de óxido de terbio,Nanopartículas de óxido de neodimio (Nd₂O₃),Imanes,9/29/2024
393,Nanopartículas de sílice,Nanopartículas de óxido de gadolinio (Gd₂O₃),Fósforos,5/25/2024
394,Antimoneno,Nanopartículas de óxido de disprosio (Dy₂O₃),Imanes,2/20/2024
395,Nanosheets de MOF 2D,Nanopartículas de óxido de europio (Eu₂O₃),Imanes,3/9/2024
396,Nanopartículas de óxido de praseodimio,Nanopartículas de óxido de holmio (Ho₂O₃),Fósforos,4/14/2024
397,Nanosheets de MOF 2D,Nanopartículas de óxido de europio (Eu₂O₃),Imanes,11/15/2023
398,Nanopartículas de óxido de terbio,Nanopartículas de sílice (SiO₂),Fósforos,4/12/2024
399,Nanopartículas de óxido de praseodimio,Nanosheets de MOF 2D (null),Imanes,4/8/2024
400,Nanopartículas de óxido de prometio,Nanopartículas de celulosa (C₆H₁₀O₅),Imanes,9/30/2024
401,Nanomateriales cristalinos,Nanopartículas de óxido de níquel (NiO),Láseres,6/3/2024
402,Nanopartículas de óxido de holmio,Nanoespumas (null),Adsorción y catálisis,11/16/2023
403,Nanopartículas de óxido de gadolinio,Nanopartículas de óxido de erbio (Er₂O₃),Fósforos,9/29/2024
404,Nanosheets de MOF 2D,Nanopartículas de óxido de gadolinio (Gd₂O₃),Imanes,11/9/2023
405,Nanopartículas de óxido de cobalto,Materiales nanoporosos (null),Imanes,5/24/2024
406,Nanopartículas de óxido de samario,Nanopartículas de óxido de hierro (Fe₂O₃),Sensores,1/20/2024
407,Nanopartículas de óxido de praseodimio,Nanopartículas de óxido de tungsteno (WO₃),Imanes,10/23/2023
408,Nanopartículas de óxido de iterbio,Nanopartículas de óxido de terbio (Tb₄O₇),Fósforos,10/23/2023
409,Nanopartículas de óxido de samario,Nanopartículas de óxido de disprosio (Dy₂O₃),Fósforos,12/24/2023
410,Nanopartículas de óxido de cerio,Nanopartículas de óxido de disprosio (Dy₂O₃),Adsorción y catálisis,4/28/2024
411,Nanopartículas de óxido de gadolinio,Nanopartículas de óxido de neodimio (Nd₂O₃),Protección solar,9/19/2024
412,Fullerenos,Grafeno ©,Imanes,5/24/2024
413,Nanopartículas de óxido de gadolinio,Nanopartículas de óxido de níquel (NiO),Electrónica flexible,6/15/2024
414,Materiales nanoporosos,Nanopartículas de óxido de terbio (Tb₄O₇),Fósforos,2/1/2024
415,Nanotubos de carbono,Nanopartículas de óxido de erbio (Er₂O₃),Tratamiento de aguas,5/29/2024
416,Nanopartículas de óxido de iterbio,Antimoneno (Sb),Pantallas de alta resolución,1/9/2024
417,Nanopartículas de óxido de samario,Nanopartículas de sílice (SiO₂),Fósforos,2/18/2024
418,Nanosheets de nitruro de boro,Nanopartículas de óxido de europio (Eu₂O₃),Láseres,3/13/2024
419,Nanopartículas de óxido de tungsteno,Nanomateriales cristalinos (null),Imanes,4/20/2024
420,Siliceno,Nanopartículas de óxido de samario (Sm₂O₃),Separación de gases,8/21/2024
421,Nanopartículas de óxido de lutecio,Nanosheets de MOF 2D (null),Imanes,3/5/2024
422,Nanopartículas de óxido de circonio,Nanopartículas de óxido de disprosio (Dy₂O₃),Fósforos,6/28/2024
423,Nanopartículas de óxido de tungsteno,Nanosheets de MOF 2D (null),Revestimientos protectores,3/16/2024
424,Nanopartículas de óxido de cobalto,Nanopartículas de óxido de erbio (Er₂O₃),Baterías recargables,1/31/2024
425,Nanosheets de nitruro de boro,Nanopartículas de óxido de europio (Eu₂O₃),Láseres,8/13/2024
426,Nanopartículas de óxido de samario,Nanopartículas de óxido de iterbio (Yb₂O₃),Conductores eléctricos,7/28/2024
427,Nanopartículas de óxido de terbio,Hidróxidos dobles laminares (null),Láseres,11/20/2023
428,Nanopartículas de óxido de tulio,Nanopartículas de óxido de neodimio (Nd₂O₃),Imanes,9/28/2024
429,Nanopartículas de óxido de magnesio,Nanopartículas de óxido de tungsteno (WO₃),Imanes,12/16/2023
430,Nanopartículas de óxido de holmio,Grafeno ©,Protección solar,12/12/2023
431,Nanopartículas de hierro,Nanosheets de MOF 2D (null),Imanes,3/22/2024
432,Nanocompuestos,Nanopartículas de cobre (Cu),Diagnóstico médico,10/24/2023
433,Nanopartículas de óxido de disprosio,Nanopartículas de óxido de europio (Eu₂O₃),Fósforos,7/5/2024
434,Nanopartículas de óxido de erbio,Materiales nanoporosos (null),Láseres,10/19/2023
435,Nanopartículas de óxido de erbio,Nanocompuestos (null),Imanes,2/29/2024
436,Nanopartículas metálicas,Nanopartículas de sílice (SiO₂),Imanes,8/6/2024
437,Nanopartículas de óxido de neodimio,Nanopartículas de óxido de gadolinio (Gd₂O₃),Fósforos,9/1/2024
438,Nanosheets de nitruro de boro,Nanopartículas de oro (Au),Imanes,3/21/2024
439,Nanopartículas de óxido de cerio,Nanopartículas de óxido de aluminio (Al₂O₃),Separación de gases,6/18/2024
440,Nanopartículas de óxido de praseodimio,Nanopartículas de óxido de europio (Eu₂O₃),Almacenamiento de energía,5/1/2024
441,Nanopartículas de óxido de gadolinio,Nanopartículas de óxido de samario (Sm₂O₃),Imanes,11/3/2023
442,Nanopartículas de óxido de samario,Nanopartículas de óxido de zinc (ZnO),Imanes,8/22/2024
443,Nanopartículas de óxido de erbio,Nanopartículas de óxido de níquel (NiO),Imanes,5/1/2024
444,Nanopartículas de óxido de holmio,Nanopartículas de óxido de lutecio (Lu₂O₃),Imanes,7/31/2024
445,Nanopartículas de óxido de disprosio,Nanohornos de carbono ©,Imanes,11/10/2023
446,Nanopartículas de óxido de europio,Nanopartículas de óxido de iterbio (Yb₂O₃),Aislamiento térmico,7/15/2024
447,MXenes,Nanopartículas de óxido de hafnio (HfO₂),Láseres.,10/6/2024
448,Nanopartículas de óxido de samario,Nanopartículas de óxido de samario (Sm₂O₃),Diagnóstico médico,9/4/2024
449,Nanopartículas de óxido de europio,Nanopartículas de cobre (Cu),Revestimientos cerámicos,10/2/2024
450,Nanohornos de carbono,Nanopartículas de óxido de holmio (Ho₂O₃),Imanes,7/5/2024
451,Nanodiamantes,Nanosheets de nitruro de boro (BN),Conductores eléctricos,12/17/2023
452,Nanopartículas de óxido de holmio,Grafeno ©,Sensores de gas,12/1/2023
453,Nanopartículas de oro,Nanopartículas de sílice (SiO₂),Baterías recargables,2/16/2024
454,Nanopartículas de óxido de terbio,Nanopartículas de óxido de magnesio (MgO),Fósforos,3/16/2024
455,Nanopartículas de óxido de hierro,Nanopartículas de óxido de circonio (ZrO₂),Sensores de gas,9/7/2024
456,Nanoespumas,Nanopartículas de óxido de disprosio (Dy₂O₃),Sensores,9/28/2024
457,Nanopartículas de óxido de tulio.,Nanopartículas de óxido de tungsteno (WO₃),Imanes,7/17/2024
458,Nanopartículas de óxido de terbio,Nanopartículas de óxido de magnesio (MgO),Fósforos,11/19/2023
459,Nanopartículas de óxido de holmio,Nanopartículas de óxido de cerio (CeO₂),Almacenamiento de energía,2/20/2024
460,Nanopartículas de óxido de erbio,Nanopartículas de óxido de estaño (SnO₂),Conductores eléctricos,12/25/2023
461,Nanosheets de MOF 2D,Nanosheets de MOF 2D (null),Imanes,9/30/2024
462,Nanopartículas de oro,Nanopartículas de óxido de prometio (Pm₂O₃),Fósforos,11/12/2023
463,Nanodiamantes,Nanopartículas de óxido de neodimio (Nd₂O₃),Tratamiento de aguas,5/16/2024
464,Nanopartículas de óxido de disprosio,Nanopartículas de sílice (SiO₂),Refuerzo en caucho,2/6/2024
465,Nanopartículas de óxido de erbio,Materiales nanoporosos (null),Láseres,1/14/2024
466,Nanopartículas de óxido de estaño,Nanotubos de carbono ©,Fósforos,10/4/2024
467,Nanopartículas de óxido de praseodimio,Nanopartículas de óxido de holmio (Ho₂O₃),Fósforos,3/12/2024
468,Nanopartículas de núcleo-cáscara,Nanopartículas de óxido de hafnio (HfO₂),Revestimientos protectores,2/26/2024
469,Nanopartículas de óxido de europio,Nanopartículas de óxido de tulio (Tm₂O₃),Refuerzo en materiales compuestos,1/26/2024
470,Nanopartículas de plata,Nanopartículas de dióxido de titanio (TiO₂),Imanes,9/5/2024
471,Nanopartículas de óxido de terbio,Puntos cuánticos de carbono ©,Tratamiento de aguas,10/6/2024
472,Nanopartículas de óxido de iterbio,Nanopartículas de óxido de tulio (Tm₂O₃),Fósforos,11/11/2023
473,Nanopartículas de óxido de níquel,Nanosheets de MOF 2D (null),Fibras ópticas,4/6/2024
474,Nanopartículas de óxido de lutecio,Nanopartículas de óxido de europio (Eu₂O₃),Fósforos,7/8/2024
475,Nanopartículas de óxido de holmio,Nanopartículas de óxido de praseodimio (Pr₆O₁₁),Fibras ópticas,4/28/2024
476,Fullerenos,Nanopartículas de óxido de iterbio (Yb₂O₃),Materiales de construcción,5/11/2024
477,Antimoneno,Nanopartículas de óxido de samario (Sm₂O₃),Refuerzo en caucho,11/1/2023
478,Nanopartículas de óxido de gadolinio,Nanotubos de carbono ©,Dispositivos electrónicos,5/1/2024
479,Siliceno,Nanopartículas de óxido de tulio (Tm₂O₃),Láseres,7/12/2024
480,Nanopartículas de hierro,Nanopartículas de hierro (Fe),Revestimientos cerámicos,2/25/2024
481,Nanopartículas de óxido de prometio,Nanoespumas (null),Revestimientos cerámicos,1/17/2024
482,Nanotubos de carbono,Nanopartículas de óxido de circonio (ZrO₂),Imanes,4/28/2024
483,Nanopartículas de óxido de praseodimio,Nanopartículas de óxido de tungsteno (WO₃),Imanes,9/30/2024
484,Nanopartículas de óxido de terbio,Nanopartículas de óxido de disprosio (Dy₂O₃),Fósforos,3/6/2024
485,Nanopartículas de óxido de lantano,Nanopartículas metálicas (null),Electrónica flexible,5/3/2024
486,Nanopartículas de óxido de prometio,Nanopartículas de óxido de estaño (SnO₂),Láseres,11/11/2023
487,Nanopartículas de óxido de lutecio,Nanopartículas de óxido de tulio (Tm₂O₃),Imanes,1/6/2024
488,Nanopartículas de óxido de circonio,Nanopartículas de óxido de neodimio (Nd₂O₃),Conductores eléctricos,6/20/2024
489,Nanopartículas de óxido de disprosio,Nanopartículas de óxido de cobalto (Co₃O₄),Fósforos,8/22/2024
490,Fullerenos,Nanopartículas de óxido de holmio (Ho₂O₃),Entrega de medicamentos,10/24/2023
491,Nanopartículas de óxido de gadolinio,Nanosheets de MOF 2D (null),Optoelectrónica,5/20/2024
492,Antimoneno,Nanopartículas de platino (Pt),Almacenamiento de energía,4/27/2024
493,Nanopartículas de óxido de erbio,Nanopartículas de óxido de aluminio (Al₂O₃),Fósforos,12/28/2023
494,Nanopartículas de óxido de terbio,Nanopartículas de óxido de europio (Eu₂O₃),Imanes,5/20/2024
495,Nanopartículas de óxido de gadolinio,Nanopartículas de óxido de praseodimio (Pr₆O₁₁),Almacenamiento de energía,5/24/2024
496,Nanopartículas de cobre,Nanopartículas de cerámica (null),Catalizadores,11/10/2023
497,Nanopartículas de dióxido de titanio,Nanopartículas de núcleo-cáscara (null),Diagnóstico médico,10/29/2023
498,Nanopartículas de óxido de lantano,Nanopartículas de cobre (Cu),Fósforos,3/18/2024
499,Fullerenos,Nanopartículas de óxido de gadolinio (Gd₂O₃),Imanes,9/30/2024
500,Nanomateriales cristalinos,Hidróxidos dobles laminares (null),Catalizadores,1/8/2024
501,Nanopartículas de óxido de cobalto,Nanopartículas de óxido de circonio (ZrO₂),Fibras ópticas,11/19/2023
502,Nanopartículas de óxido de níquel,Nanohornos de carbono ©,Láseres,11/4/2023
503,Nanopartículas de óxido de prometio,Nanopartículas de óxido de europio (Eu₂O₃),Catálisis,1/11/2024
504,Nanopartículas de óxido de holmio,Nanopartículas de platino (Pt),Materiales de construcción,3/2/2024
505,Nanopartículas de óxido de cobalto,Nanohornos de carbono ©,Refuerzo en materiales compuestos,5/22/2024
506,Siliceno,Nanopartículas de óxido de samario (Sm₂O₃),Revestimientos ignífugos,5/25/2024
507,Nanopartículas de óxido de terbio,Nanopartículas de óxido de zinc (ZnO),Revestimientos protectores,8/4/2024
508,Fullerenos,Nanopartículas de óxido de terbio (Tb₄O₇),Adsorción y catálisis,3/10/2024
509,Nanocompuestos,Nanopartículas de óxido de disprosio (Dy₂O₃),Imanes,5/13/2024
510,Nanopartículas de óxido de hafnio,Nanopartículas de óxido de tulio (Tm₂O₃),Antibacterianos,4/26/2024
511,Nanopartículas de óxido de prometio,Nanopartículas de óxido de níquel (NiO),Refuerzo en materiales compuestos,12/13/2023
512,Nanodiamantes,Nanopartículas de óxido de tulio (Tm₂O₃),Fósforos,2/22/2024
513,Nanoespumas,Fullerenos (C₆₀),Imanes,1/6/2024
514,Nanopartículas de óxido de tulio,Nanopartículas de óxido de europio (Eu₂O₃),Imanes,9/4/2024
515,Nanopartículas de óxido de praseodimio,Antimoneno (Sb),Imanes,2/8/2024
516,Nanopartículas de óxido de terbio,Nanopartículas de óxido de europio (Eu₂O₃),Refuerzo en materiales compuestos,6/14/2024
517,Nanopartículas de óxido de tulio.,Puntos cuánticos de carbono ©,Tratamiento de aguas,11/27/2023
518,Nanopartículas de óxido de iterbio,Grafeno ©,Refuerzo en materiales compuestos,2/23/2024
519,Nanopartículas de óxido de samario,Nanopartículas de óxido de erbio (Er₂O₃),Revestimientos protectores,3/27/2024
520,Nanopartículas de óxido de magnesio,Nanomateriales cristalinos (null),Fósforos,6/4/2024
521,Nanoespumas,Nanopartículas de óxido de hafnio (HfO₂),Imanes,7/10/2024
522,Nanopartículas de óxido de disprosio,Nanopartículas de óxido de terbio (Tb₄O₇),Refuerzo en materiales compuestos,12/15/2023
523,Nanosheets de nitruro de boro,Nanopartículas de óxido de iterbio (Yb₂O₃),Adsorción y catálisis,2/26/2024
524,Nanopartículas de óxido de europio,Nanopartículas de óxido de prometio (Pm₂O₃),Fósforos,4/18/2024
525,Hidróxidos dobles laminares,Nanopartículas de óxido de gadolinio (Gd₂O₃),Imanes,10/2/2024
526,Nanopartículas de óxido de lutecio,Nanopartículas de óxido de samario (Sm₂O₃),Imanes,10/18/2023
527,Nanopartículas de hierro,Nanopartículas de cerámica (null),Imanes,3/30/2024
528,Nanopartículas de óxido de prometio,Nanopartículas de óxido de lantano (La₂O₃),Refuerzo en materiales compuestos,7/31/2024
529,Grafeno,Puntos cuánticos de carbono ©,Fósforos,11/4/2023
530,Nanopartículas de óxido de europio,Nanopartículas de celulosa (C₆H₁₀O₅),Imanes,9/17/2024
531,Nanopartículas de óxido de praseodimio,Antimoneno (Sb),Imanes,7/9/2024
532,Nanopartículas de óxido de disprosio,Nanopartículas de óxido de tulio (Tm₂O₃).,Refuerzo en materiales compuestos,5/12/2024
533,Nanopartículas de óxido de zinc,Nanopartículas de óxido de holmio (Ho₂O₃),Láseres,9/29/2024
534,Nanopartículas de oro,Nanopartículas de óxido de estaño (SnO₂),Imanes,12/23/2023
535,Nanopartículas de dióxido de titanio,MXenes (null),Almacenamiento de energía,11/5/2023
536,Nanopartículas de óxido de itrio,Nanopartículas de cobre (Cu),Imanes,8/25/2024
537,Nanomateriales cristalinos,Nanopartículas de óxido de disprosio (Dy₂O₃),Catalizadores,2/5/2024
538,Nanopartículas de óxido de tungsteno,Nanopartículas de óxido de terbio (Tb₄O₇),Fósforos,3/10/2024
539,Nanopartículas de óxido de erbio,Hidróxidos dobles laminares (null),Sensores,1/18/2024
540,Nanopartículas de óxido de erbio,Nanopartículas de óxido de erbio (Er₂O₃),Imanes,7/6/2024
541,Nanopartículas de óxido de europio,Nanopartículas de óxido de europio (Eu₂O₃),Transistores de alta velocidad,3/7/2024
542,Nanopartículas de óxido de lutecio,Nanopartículas de óxido de erbio (Er₂O₃),Adsorción y catálisis,11/28/2023
543,Nanopartículas de óxido de neodimio,Nanopartículas de cobre (Cu),Protección solar,8/4/2024
544,Siliceno,Nanopartículas de óxido de cerio (CeO₂),Sensores,6/7/2024
545,Nanopartículas de óxido de cobalto,Nanopartículas de óxido de neodimio (Nd₂O₃),Baterías,6/6/2024
546,Nanopartículas de óxido de europio,Nanopartículas de óxido de lutecio (Lu₂O₃),Imanes,3/15/2024
547,Nanopartículas de óxido de samario,Puntos cuánticos de carbono ©,Electrónica flexible,9/24/2024
548,Siliceno,Nanosheets de nitruro de boro (BN),Imanes,2/6/2024
549,Nanopartículas de óxido de europio,Antimoneno (Sb),Imanes,8/1/2024
550,Nanopartículas de núcleo-cáscara,Nanopartículas de hierro (Fe),Fósforos,4/30/2024
551,Nanopartículas metálicas,Nanopartículas de óxido de samario (Sm₂O₃),Dispositivos electrónicos,4/5/2024
552,Nanopartículas de óxido de holmio,Puntos cuánticos de carbono ©,Imanes,8/9/2024
553,Nanopartículas de óxido de gadolinio,Nanopartículas de óxido de disprosio (Dy₂O₃),Baterías,3/23/2024
554,Nanopartículas de óxido de disprosio,Nanopartículas de óxido de neodimio (Nd₂O₃),Imanes,8/9/2024
555,MXenes,Nanopartículas de óxido de tungsteno (WO₃),Imanes,4/20/2024
556,Nanopartículas de óxido de lutecio,Nanopartículas de óxido de itrio (Y₂O₃),Refuerzo en caucho,7/4/2024
557,Nanopartículas de óxido de tulio,Nanosheets de MOF 2D (null),Refuerzo en materiales compuestos,10/28/2023
558,Siliceno,Nanohornos de carbono ©,Imanes,12/24/2023
559,Nanopartículas de óxido de praseodimio,Puntos cuánticos de carbono ©,Aislamiento térmico,7/5/2024
560,Nanopartículas de óxido de holmio,Nanopartículas de óxido de samario (Sm₂O₃),Imanes,11/8/2023
561,Nanopartículas de óxido de hierro,Nanopartículas de óxido de lutecio (Lu₂O₃),Imanes,12/12/2023
562,Nanopartículas de óxido de samario,MXenes (null),Fósforos,2/20/2024
563,Nanopartículas de óxido de tulio,Fullerenos (C₆₀),Imanes,5/9/2024
564,Nanopartículas de óxido de gadolinio,Nanopartículas de óxido de erbio (Er₂O₃),Sensores,4/10/2024
565,Materiales nanoporosos,Nanopartículas de óxido de gadolinio (Gd₂O₃),Biomedicina,11/29/2023
566,Nanopartículas de óxido de lutecio,Puntos cuánticos de carbono ©,Imanes,8/20/2024
567,Nanopartículas de óxido de terbio,Nanopartículas de óxido de disprosio (Dy₂O₃),Catalizadores,4/21/2024
568,Nanomateriales cristalinos,Nanopartículas de dióxido de titanio (TiO₂),Catalizadores,6/8/2024
569,Nanopartículas de óxido de tungsteno,Nanopartículas de óxido de erbio (Er₂O₃),Conductores eléctricos,9/16/2024
570,Grafeno,Grafeno ©,Almacenamiento de energía,11/18/2023
571,Nanopartículas de óxido de magnesio,Nanopartículas de óxido de zinc (ZnO),Transistores de alta velocidad,12/11/2023
572,Nanopartículas de óxido de hafnio,Nanopartículas de sílice (SiO₂),Fósforos,6/1/2024
573,Antimoneno,Nanopartículas de óxido de disprosio (Dy₂O₃),Sensores,8/20/2024
574,Nanopartículas de óxido de terbio,Nanopartículas de óxido de erbio (Er₂O₃),Imanes,6/25/2024
575,Nanopartículas de óxido de neodimio,Nanopartículas de óxido de tulio (Tm₂O₃),Revestimientos protectores,10/15/2024
576,Nanopartículas de óxido de aluminio,Nanopartículas de cobre (Cu),Imanes,12/16/2023
577,Nanoespumas,Nanopartículas de óxido de iterbio (Yb₂O₃),Materiales de construcción,1/19/2024
578,Nanopartículas de óxido de neodimio,Nanopartículas de óxido de lutecio (Lu₂O₃),Tratamiento de aguas,1/2/2024
579,Nanosheets de MOF 2D,Nanopartículas de sílice (SiO₂),Refuerzo en materiales compuestos,1/18/2024
580,Nanopartículas de óxido de iterbio,Nanopartículas de sílice (SiO₂),Refuerzo en caucho,3/29/2024
581,Nanopartículas de óxido de neodimio,Nanopartículas de óxido de holmio (Ho₂O₃),Imanes,6/3/2024
582,Hidróxidos dobles laminares,Puntos cuánticos de carbono ©,Imanes,9/2/2024
583,Nanopartículas de óxido de holmio,Nanopartículas de óxido de aluminio (Al₂O₃),Fósforos,11/12/2023
584,Nanopartículas de óxido de erbio,Nanopartículas de óxido de gadolinio (Gd₂O₃),Imanes,6/13/2024
585,Fullerenos,Nanopartículas de óxido de circonio (ZrO₂),Imanes,6/30/2024
586,Nanosheets de MOF 2D,Nanopartículas de óxido de hierro (Fe₂O₃),Protección solar,8/27/2024
587,Nanopartículas de óxido de gadolinio,Nanopartículas de celulosa (C₆H₁₀O₅),Catalizadores,11/13/2023
588,Nanopartículas de óxido de holmio,Hidróxidos dobles laminares (null),Fósforos,3/16/2024
589,Nanopartículas de óxido de tulio,Nanopartículas de óxido de hierro (Fe₂O₃),Aislamiento térmico,5/3/2024
590,Nanopartículas de óxido de terbio,Nanopartículas de óxido de itrio (Y₂O₃),Fibras ópticas,3/11/2024
591,Nanopartículas de óxido de tulio.,Nanopartículas de óxido de iterbio (Yb₂O₃),Láseres.,7/16/2024
592,Nanopartículas de núcleo-cáscara,Nanopartículas de óxido de erbio (Er₂O₃),Imanes,6/2/2024
593,Nanopartículas de óxido de tulio,Nanopartículas de óxido de iterbio (Yb₂O₃),Imanes,4/27/2024
594,Nanopartículas de óxido de samario,Nanopartículas de óxido de iterbio (Yb₂O₃),Pantallas de alta resolución,6/21/2024
595,Nanopartículas de óxido de samario,Nanopartículas de óxido de magnesio (MgO),Protección solar,4/11/2024
596,Nanodiamantes,Nanopartículas de óxido de lantano (La₂O₃),Imanes,9/21/2024
597,Nanopartículas de óxido de erbio,Nanopartículas de óxido de europio (Eu₂O₃),Láseres,1/18/2024
598,Nanopartículas de óxido de lantano,Nanopartículas de plata (Ag),Láseres,8/29/2024
599,Nanopartículas de óxido de europio,Nanopartículas de óxido de tungsteno (WO₃),Imanes,1/1/2024
600,Nanopartículas de óxido de holmio,Nanopartículas de óxido de tungsteno (WO₃),Biomedicina,7/24/2024
601,Nanohornos de carbono,Nanopartículas de óxido de terbio (Tb₄O₇),Imanes,11/9/2023
602,Nanopartículas de óxido de iterbio,Nanopartículas de óxido de magnesio (MgO),Catálisis,6/18/2024
603,Nanopartículas de óxido de samario,Nanodiamantes ©,Láseres,2/10/2024
604,Nanopartículas de núcleo-cáscara,Nanopartículas de platino (Pt),Imanes,7/30/2024
605,Nanopartículas de óxido de terbio,Nanopartículas de óxido de praseodimio (Pr₆O₁₁),Imanes,9/2/2024
606,Nanopartículas metálicas,MXenes (null),Imanes,3/16/2024
607,MXenes,Nanopartículas de óxido de europio (Eu₂O₃),Imanes,9/3/2024
608,Nanopartículas de óxido de samario,Nanopartículas de óxido de samario (Sm₂O₃),Imanes,3/16/2024
609,Nanopartículas de óxido de disprosio,Nanopartículas de óxido de europio (Eu₂O₃),Imanes,10/24/2023
610,Nanopartículas de plata,Nanopartículas de óxido de aluminio (Al₂O₃),Fósforos,9/21/2024
611,Nanopartículas de óxido de gadolinio,Nanopartículas de óxido de terbio (Tb₄O₇),Fósforos,12/1/2023
612,Nanopartículas de óxido de lutecio,Nanopartículas de óxido de lutecio (Lu₂O₃),Imanes,3/27/2024
613,Nanopartículas de óxido de prometio,Siliceno (Si),Optoelectrónica,4/16/2024
614,Nanopartículas de óxido de prometio,Nanosheets de nitruro de boro (BN),Imanes,2/9/2024
615,Nanoespumas,Nanopartículas de óxido de hierro (Fe₂O₃),Fósforos,3/12/2024
616,Nanoespumas,MXenes (null),Revestimientos protectores,8/5/2024
617,Nanopartículas de óxido de samario,Nanosheets de nitruro de boro (BN),Fósforos,9/18/2024
618,Nanopartículas de óxido de holmio,Nanopartículas de óxido de níquel (NiO),Lubricantes y pulido,4/23/2024
619,Nanopartículas de óxido de iterbio,Nanopartículas de óxido de disprosio (Dy₂O₃),Imanes,3/4/2024
620,Nanopartículas de óxido de tulio,Nanopartículas de óxido de tulio (Tm₂O₃).,Revestimientos ignífugos,2/10/2024
621,Antimoneno,Nanopartículas de óxido de disprosio (Dy₂O₃),Catalizadores,5/20/2024
622,Nanopartículas de dióxido de titanio,Nanopartículas de óxido de europio (Eu₂O₃),Imanes,7/5/2024
623,Nanopartículas de óxido de circonio,Nanopartículas de óxido de disprosio (Dy₂O₃),Imanes,2/16/2024
624,Nanopartículas de óxido de samario,Nanopartículas de óxido de circonio (ZrO₂),Imanes,12/23/2023
625,Nanopartículas de óxido de níquel,Nanoespumas (null),Fósforos,5/13/2024
626,Nanopartículas de celulosa,Nanopartículas de óxido de praseodimio (Pr₆O₁₁),Imanes,3/4/2024
627,Fullerenos,Nanopartículas de óxido de níquel (NiO),Imanes,3/21/2024
628,Nanopartículas de óxido de samario,Siliceno (Si),Refuerzo en caucho,11/12/2023
629,Nanopartículas de óxido de cerio,Nanopartículas de hierro (Fe),Sensores de gas,10/4/2024
630,Nanopartículas de óxido de praseodimio,Nanopartículas de óxido de erbio (Er₂O₃),Fósforos,1/21/2024
631,Nanopartículas de óxido de samario,Nanopartículas de óxido de cerio (CeO₂),Fósforos,6/18/2024
632,Nanopartículas de óxido de disprosio,Nanoespumas (null),Electrónica flexible,10/3/2024
633,Nanopartículas de óxido de cobalto,Nanopartículas de óxido de europio (Eu₂O₃),Fósforos,7/24/2024
634,Nanopartículas de óxido de gadolinio,Nanodiamantes ©,Fibras ópticas,9/29/2024
635,Nanopartículas de óxido de cerio,Nanopartículas de óxido de holmio (Ho₂O₃),Láseres,12/19/2023
636,Nanopartículas de óxido de terbio,Nanopartículas de óxido de erbio (Er₂O₃),Imanes,3/31/2024
637,Nanopartículas de óxido de neodimio,Nanopartículas de óxido de gadolinio (Gd₂O₃),Imanes,11/8/2023
638,Nanopartículas de óxido de erbio,Nanopartículas de cobre (Cu),Imanes,10/20/2023
639,Nanopartículas de óxido de tulio,Nanopartículas de óxido de holmio (Ho₂O₃),Separación de gases,5/31/2024
640,Nanopartículas de óxido de tulio.,Nanopartículas metálicas (null),Imanes,3/27/2024
641,Fullerenos,Nanopartículas de óxido de terbio (Tb₄O₇),Revestimientos ignífugos,5/31/2024
642,Nanopartículas de óxido de samario,Nanopartículas de óxido de cerio (CeO₂),Imanes,3/16/2024
643,Nanopartículas de óxido de europio,Nanopartículas de óxido de disprosio (Dy₂O₃),Fibras ópticas,12/6/2023
644,Nanopartículas de óxido de disprosio,Nanopartículas de platino (Pt),Baterías,1/29/2024
645,Nanopartículas de óxido de iterbio,Nanopartículas de óxido de erbio (Er₂O₃),Imanes,4/23/2024
646,MXenes,MXenes (null),Láseres,10/6/2024
647,Antimoneno,Nanopartículas de óxido de hafnio (HfO₂),Fósforos,8/20/2024
648,Nanopartículas de óxido de samario,Nanopartículas de óxido de cerio (CeO₂),Imanes,8/6/2024
649,Nanopartículas de óxido de disprosio,Nanopartículas de óxido de holmio (Ho₂O₃),Imanes,5/22/2024
650,Nanopartículas de óxido de terbio,Nanopartículas de núcleo-cáscara (null),Imanes,12/2/2023
651,Nanopartículas de óxido de hierro,Nanopartículas de óxido de holmio (Ho₂O₃),Láseres,5/12/2024
652,Nanopartículas de óxido de neodimio,Nanopartículas de óxido de disprosio (Dy₂O₃),Imanes,12/25/2023
653,Nanopartículas de óxido de estaño,Siliceno (Si),Imanes,12/14/2023
654,Nanopartículas de óxido de magnesio,Nanopartículas de dióxido de titanio (TiO₂),Fósforos,12/29/2023
655,Nanopartículas de hierro,Nanopartículas de óxido de neodimio (Nd₂O₃),Imanes,1/19/2024
656,Nanopartículas de óxido de neodimio,Nanopartículas de óxido de gadolinio (Gd₂O₃),Sensores de gas,12/2/2023
657,Nanoespumas,Grafeno ©,Biomedicina,11/25/2023
658,Nanotubos de carbono,Nanopartículas de óxido de erbio (Er₂O₃),Fibras ópticas,7/7/2024
659,Fullerenos,Nanopartículas de óxido de europio (Eu₂O₃),Imanes,12/11/2023
660,Nanopartículas de óxido de zinc,Nanopartículas de óxido de prometio (Pm₂O₃),Imanes,1/13/2024
661,Nanopartículas de óxido de neodimio,Nanopartículas de óxido de europio (Eu₂O₃),Fósforos,12/11/2023
662,Nanopartículas de óxido de terbio,Nanopartículas de óxido de prometio (Pm₂O₃),Sensores,8/29/2024
663,Nanopartículas de óxido de hafnio,Nanopartículas de óxido de lutecio (Lu₂O₃),Imanes,10/20/2023
664,Nanopartículas de óxido de gadolinio,Nanopartículas de platino (Pt),Sensores de gas,11/16/2023
665,Nanopartículas de óxido de cerio,Nanopartículas de óxido de erbio (Er₂O₃),Imanes,1/12/2024
666,Nanopartículas de óxido de lutecio,Nanopartículas de óxido de europio (Eu₂O₃),Imanes,7/11/2024
667,Nanomateriales cristalinos,Nanopartículas de óxido de europio (Eu₂O₃),Imanes,9/30/2024
668,Nanopartículas de sílice,Nanopartículas de óxido de hafnio (HfO₂),Imanes,6/30/2024
669,Nanopartículas de óxido de holmio,Nanopartículas de óxido de hierro (Fe₂O₃),Imanes,8/24/2024
670,Nanopartículas de óxido de prometio,Nanopartículas de óxido de europio (Eu₂O₃),Fósforos,7/10/2024
671,Nanopartículas de óxido de tulio,Nanopartículas de óxido de tulio (Tm₂O₃),Diagnóstico médico,5/28/2024
672,Nanopartículas de óxido de prometio,Nanopartículas de plata (Ag),Imanes,5/22/2024
673,Nanopartículas de óxido de magnesio,Nanopartículas de óxido de terbio (Tb₄O₇),Fósforos,8/1/2024
674,Nanopartículas de óxido de níquel,Nanopartículas de óxido de terbio (Tb₄O₇),Imanes,6/24/2024
675,Nanopartículas de cerámica,Nanomateriales cristalinos (null),Imanes,12/30/2023
676,Nanopartículas de óxido de disprosio,Nanopartículas de plata (Ag),Biomedicina,3/25/2024
677,Nanomateriales cristalinos,Nanopartículas de óxido de prometio (Pm₂O₃),Adsorción y catálisis,9/8/2024
678,Nanopartículas de óxido de samario,Nanopartículas de óxido de praseodimio (Pr₆O₁₁),Fósforos,6/15/2024
679,Nanopartículas de óxido de europio,Fullerenos (C₆₀),Imanes,12/29/2023
680,Siliceno,Grafeno ©,Imanes,3/26/2024
681,Nanopartículas de óxido de gadolinio,Nanopartículas de óxido de cobalto (Co₃O₄),Fósforos,2/20/2024
682,Nanosheets de MOF 2D,Nanopartículas de óxido de europio (Eu₂O₃),Revestimientos protectores,6/3/2024
683,Nanopartículas de hierro,Nanopartículas de óxido de europio (Eu₂O₃),Láseres,2/5/2024
684,Nanopartículas de óxido de lantano,Nanocompuestos (null),Imanes,5/30/2024
685,Nanopartículas de óxido de cobalto,Nanopartículas de óxido de estaño (SnO₂),Optoelectrónica,7/18/2024
686,Nanopartículas de óxido de terbio,Nanopartículas de óxido de disprosio (Dy₂O₃),Fibras ópticas,10/27/2023
687,Nanopartículas de óxido de iterbio,Nanotubos de carbono ©,Imanes,7/1/2024
688,Nanopartículas de cobre,Nanopartículas de óxido de estaño (SnO₂),Transistores de alta velocidad,8/29/2024
689,Nanopartículas de óxido de europio,Nanopartículas de óxido de erbio (Er₂O₃),Imanes,5/26/2024
690,Nanopartículas de óxido de terbio,Nanoespumas (null),Materiales de construcción,1/16/2024
691,Nanopartículas de óxido de europio,Nanopartículas de celulosa (C₆H₁₀O₅),Lubricantes y pulido,2/17/2024
692,Nanopartículas de óxido de samario,Nanopartículas de oro (Au),Sensores,1/5/2024
693,Nanopartículas de óxido de disprosio,Nanopartículas de óxido de erbio (Er₂O₃),Pantallas de alta resolución,7/9/2024
694,Nanopartículas de óxido de praseodimio,Nanopartículas de óxido de tulio (Tm₂O₃),Imanes,1/10/2024
695,Nanopartículas de óxido de iterbio,Nanopartículas de óxido de lutecio (Lu₂O₃),Fósforos,6/5/2024
696,Nanopartículas de óxido de gadolinio,Nanopartículas de óxido de iterbio (Yb₂O₃),Separación de gases,10/3/2024
697,Nanopartículas de óxido de aluminio,Nanopartículas de óxido de prometio (Pm₂O₃),Materiales de construcción,5/12/2024
698,Nanopartículas de óxido de praseodimio,Nanopartículas de óxido de zinc (ZnO),Baterías recargables,1/30/2024
699,Nanopartículas de óxido de prometio,Nanoespumas (null),Fósforos,2/3/2024
700,Nanopartículas de óxido de disprosio,Nanopartículas de celulosa (C₆H₁₀O₅),Fibras ópticas,7/24/2024
701,Nanopartículas de óxido de samario,Nanodiamantes ©,Imanes,10/4/2024
702,Nanocompuestos,Nanopartículas de óxido de tungsteno (WO₃),Imanes,1/7/2024
703,Nanopartículas de óxido de zinc,Nanopartículas de óxido de lutecio (Lu₂O₃),Imanes,1/10/2024
704,Nanopartículas de óxido de praseodimio,Nanopartículas de óxido de prometio (Pm₂O₃),Imanes,3/3/2024
705,Nanopartículas de óxido de holmio,Nanopartículas de óxido de níquel (NiO),Biomedicina,7/6/2024
706,Nanopartículas de óxido de gadolinio,Nanopartículas de óxido de samario (Sm₂O₃),Baterías,1/15/2024
707,Nanopartículas de óxido de lutecio,Fullerenos (C₆₀),Catalizadores,6/18/2024
708,Nanopartículas de óxido de gadolinio,Nanopartículas de óxido de gadolinio (Gd₂O₃),Sensores de gas,11/12/2023
709,Nanopartículas de óxido de hierro,Nanopartículas de óxido de estaño (SnO₂),Almacenamiento de energía,9/24/2024
710,Grafeno,Nanopartículas de óxido de magnesio (MgO),Diagnóstico médico,9/23/2024
711,Nanodiamantes,Nanopartículas de óxido de disprosio (Dy₂O₃),Imanes,3/13/2024
712,Siliceno,Nanopartículas de óxido de prometio (Pm₂O₃),Láseres,6/2/2024
713,Nanopartículas de óxido de hafnio,Hidróxidos dobles laminares (null),Catalizadores,9/9/2024
714,Nanopartículas de óxido de erbio,Nanopartículas de hierro (Fe),Revestimientos protectores,5/23/2024
715,Nanopartículas de óxido de hierro,Nanotubos de carbono ©,Láseres,3/16/2024
716,Nanopartículas de óxido de aluminio,Nanopartículas de óxido de lantano (La₂O₃),Fósforos,5/17/2024
717,Nanopartículas de óxido de tulio.,Nanomateriales cristalinos (null),Fósforos,6/12/2024
718,Nanopartículas de óxido de holmio,Nanopartículas de sílice (SiO₂),Imanes,3/3/2024
719,Nanopartículas de celulosa,Antimoneno (Sb),Catalizadores,6/4/2024
720,Nanopartículas de óxido de lutecio,Nanopartículas de óxido de itrio (Y₂O₃),Fósforos,8/6/2024
721,Nanopartículas de óxido de tulio,Nanopartículas de óxido de tungsteno (WO₃),Almacenamiento de energía,12/8/2023
722,Nanocompuestos,Nanopartículas de óxido de praseodimio (Pr₆O₁₁),Fósforos,11/18/2023
723,Nanopartículas de óxido de terbio,Nanopartículas de óxido de iterbio (Yb₂O₃),Imanes,5/16/2024
724,Nanopartículas de óxido de estaño,Nanopartículas de óxido de iterbio (Yb₂O₃),Antibacterianos,7/14/2024
725,Nanopartículas de óxido de disprosio,Nanopartículas de óxido de tungsteno (WO₃),Revestimientos cerámicos,12/9/2023
726,Nanopartículas de óxido de holmio,Nanopartículas de óxido de hierro (Fe₂O₃),Fósforos,4/10/2024
727,Nanopartículas de óxido de tulio,MXenes (null),Imanes,1/10/2024
728,Nanopartículas de celulosa,Nanopartículas de óxido de tulio (Tm₂O₃).,Fósforos,5/25/2024
729,MXenes,Nanopartículas de óxido de cobalto (Co₃O₄),Superconductores,12/3/2023
730,Nanotubos de carbono,Nanopartículas de óxido de circonio (ZrO₂),Imanes,7/15/2024
731,Nanopartículas de óxido de tulio,Nanopartículas de óxido de neodimio (Nd₂O₃),Imanes,6/5/2024
732,Nanopartículas de cerámica,Nanohornos de carbono ©,Fósforos,7/4/2024
733,Nanopartículas de óxido de tulio,Nanopartículas de óxido de gadolinio (Gd₂O₃),Fibras ópticas,4/6/2024
734,Nanopartículas de óxido de estaño,Nanopartículas de óxido de níquel (NiO),Sensores,12/24/2023
735,Nanodiamantes,MXenes (null),Imanes,1/8/2024
736,Nanopartículas de óxido de tungsteno,Nanopartículas de óxido de lutecio (Lu₂O₃),Fósforos,4/8/2024
737,Nanopartículas de óxido de praseodimio,Nanopartículas de óxido de tungsteno (WO₃),Fibras ópticas,5/1/2024
738,Nanocompuestos,Nanopartículas de óxido de erbio (Er₂O₃),Láseres,10/28/2023
739,Nanopartículas de óxido de praseodimio,MXenes (null),Fibras ópticas,5/16/2024
740,Nanopartículas de óxido de europio,Nanopartículas de óxido de holmio (Ho₂O₃),Materiales de construcción,2/18/2024
741,Nanopartículas de óxido de terbio,Nanopartículas de óxido de lutecio (Lu₂O₃),Láseres,7/12/2024
742,Nanopartículas de óxido de magnesio,Nanosheets de nitruro de boro (BN),Electrónica flexible,4/7/2024
743,Hidróxidos dobles laminares,Nanopartículas de óxido de iterbio (Yb₂O₃),Láseres,8/22/2024
744,Nanopartículas de óxido de iterbio,Nanotubos de carbono ©,Aislamiento térmico,4/15/2024
745,Hidróxidos dobles laminares,Nanopartículas de óxido de samario (Sm₂O₃),Imanes,3/29/2024
746,Nanopartículas de óxido de tulio,Nanopartículas de óxido de lantano (La₂O₃),Baterías,5/7/2024
747,Nanopartículas de óxido de holmio,Nanopartículas de óxido de circonio (ZrO₂),Catálisis,9/7/2024
748,Nanopartículas de óxido de magnesio,Nanopartículas de óxido de disprosio (Dy₂O₃),Fósforos,3/5/2024
749,Nanopartículas de óxido de holmio,Nanopartículas de óxido de samario (Sm₂O₃),Imanes,1/28/2024
750,Nanopartículas de óxido de holmio,Nanopartículas de óxido de zinc (ZnO),Fósforos,12/3/2023
751,Nanopartículas de oro,Nanosheets de MOF 2D (null),Fósforos,1/24/2024
752,Nanopartículas de óxido de tungsteno,Puntos cuánticos de carbono ©,Láseres,6/2/2024
753,Nanopartículas de núcleo-cáscara,Nanopartículas de óxido de holmio (Ho₂O₃),Imanes,7/24/2024
754,Nanopartículas de óxido de disprosio,Nanopartículas de óxido de tulio (Tm₂O₃).,Fósforos,8/26/2024
755,Puntos cuánticos de carbono,Nanopartículas de óxido de disprosio (Dy₂O₃),Baterías recargables,6/27/2024
756,Nanopartículas de óxido de terbio,Nanopartículas de óxido de praseodimio (Pr₆O₁₁),Imanes,11/30/2023
757,Nanopartículas de óxido de prometio,Nanopartículas de óxido de itrio (Y₂O₃),Imanes,4/26/2024
758,Nanopartículas de óxido de terbio,Nanopartículas de óxido de níquel (NiO),Imanes,9/20/2024
759,Nanopartículas de hierro,Nanopartículas de plata (Ag),Tratamiento de aguas,9/22/2024
760,Nanopartículas de óxido de lantano,Nanopartículas de óxido de circonio (ZrO₂),Láseres,6/8/2024
761,Nanopartículas de óxido de holmio,Nanopartículas de hierro (Fe),Imanes,12/2/2023
762,Nanopartículas de óxido de samario,Nanopartículas de platino (Pt),Revestimientos cerámicos,6/8/2024
763,Nanopartículas de óxido de holmio,Nanopartículas de plata (Ag),Láseres,2/23/2024
764,Nanopartículas de celulosa,Nanopartículas de óxido de cerio (CeO₂),Imanes,6/7/2024
765,Nanohornos de carbono,Nanosheets de nitruro de boro (BN),Electrónica flexible,4/7/2024
766,Nanodiamantes,Nanopartículas de sílice (SiO₂),Refuerzo en materiales compuestos,8/25/2024
767,Nanopartículas de óxido de tulio,Nanopartículas de óxido de samario (Sm₂O₃),Fósforos,8/19/2024
768,Nanopartículas de óxido de cerio,Nanopartículas de óxido de prometio (Pm₂O₃),Aislamiento térmico,2/24/2024
769,Nanopartículas de óxido de holmio,Nanopartículas de óxido de circonio (ZrO₂),Pantallas de alta resolución,6/7/2024
770,Nanopartículas de óxido de disprosio,Nanopartículas de óxido de neodimio (Nd₂O₃),Fósforos,4/21/2024
771,Puntos cuánticos de carbono,Nanopartículas de óxido de holmio (Ho₂O₃),Fibras ópticas,1/6/2024
772,Nanopartículas de óxido de samario,Nanotubos de carbono ©,Fósforos,7/26/2024
773,Nanocompuestos,Nanopartículas de óxido de samario (Sm₂O₃),Imanes,6/23/2024
774,Nanopartículas de óxido de prometio,Nanopartículas de óxido de samario (Sm₂O₃),Imanes,8/22/2024
775,Nanopartículas de óxido de disprosio,Fullerenos (C₆₀),Diagnóstico médico,1/15/2024
776,Nanotubos de carbono,Nanopartículas de óxido de hafnio (HfO₂),Fósforos,9/6/2024
777,Nanopartículas de óxido de itrio,Nanopartículas de núcleo-cáscara (null),Optoelectrónica,10/19/2023
778,Nanopartículas de óxido de iterbio,Nanopartículas de hierro (Fe),Imanes,12/4/2023
779,Nanopartículas de núcleo-cáscara,Nanopartículas de óxido de tulio (Tm₂O₃),Imanes,7/27/2024
780,Nanopartículas de óxido de iterbio,Nanopartículas de óxido de erbio (Er₂O₃),Imanes,5/12/2024
781,Nanopartículas de óxido de disprosio,Nanopartículas de óxido de circonio (ZrO₂),Láseres,7/20/2024
782,Nanopartículas de óxido de disprosio,Nanopartículas de óxido de praseodimio (Pr₆O₁₁),Imanes,4/16/2024
783,Nanopartículas de platino,Nanopartículas de óxido de neodimio (Nd₂O₃),Imanes,3/5/2024
784,Nanopartículas de óxido de europio,Nanopartículas de óxido de gadolinio (Gd₂O₃),Conductores eléctricos,12/5/2023
785,Nanohornos de carbono,Nanoespumas (null),Revestimientos cerámicos,10/21/2023
786,Nanopartículas de óxido de erbio,Antimoneno (Sb),Conductores eléctricos,3/15/2024
787,Nanopartículas de óxido de praseodimio,Nanopartículas de platino (Pt),Catalizadores,6/29/2024
788,Nanopartículas de óxido de tulio,Nanopartículas de óxido de níquel (NiO),Láseres,9/10/2024
789,Nanopartículas de óxido de praseodimio,Nanopartículas de óxido de zinc (ZnO),Fósforos,1/16/2024
790,Nanopartículas de óxido de neodimio,Nanosheets de MOF 2D (null),Imanes,7/31/2024
791,Nanopartículas de óxido de erbio,Nanopartículas de óxido de lantano (La₂O₃),Aislamiento térmico,9/23/2024
792,Nanopartículas de óxido de europio,Nanopartículas de óxido de itrio (Y₂O₃),Pantallas de alta resolución,3/23/2024
793,Nanopartículas de óxido de neodimio,Nanopartículas de óxido de tulio (Tm₂O₃).,Antioxidantes y agentes antivirales,11/9/2023
794,Nanopartículas de óxido de níquel,Nanopartículas de óxido de lantano (La₂O₃),Sensores,8/9/2024
795,Nanomateriales cristalinos,Nanopartículas de óxido de neodimio (Nd₂O₃),Aislamiento térmico,8/24/2024
796,Nanopartículas de óxido de neodimio,Nanopartículas de óxido de níquel (NiO),Antioxidantes y agentes antivirales,1/31/2024
797,Nanopartículas de óxido de europio,Nanohornos de carbono ©,Sensores de gas,6/15/2024
798,Nanopartículas metálicas,Nanopartículas de celulosa (C₆H₁₀O₅),Imanes,2/28/2024
799,Nanocompuestos,Nanopartículas de óxido de erbio (Er₂O₃),Imanes,1/8/2024
800,Nanopartículas de óxido de hierro,Nanopartículas de óxido de magnesio (MgO),Imanes,9/27/2024
801,Materiales nanoporosos,Nanopartículas de cerámica (null),Imanes,8/22/2024
802,Nanopartículas de óxido de europio,Materiales nanoporosos (null),Fósforos,8/27/2024
803,Nanopartículas de óxido de zinc,Nanopartículas de óxido de disprosio (Dy₂O₃),Pantallas de alta resolución,11/4/2023
804,Nanopartículas de cerámica,Nanopartículas de óxido de prometio (Pm₂O₃),Revestimientos ignífugos,5/3/2024
805,Nanopartículas de óxido de lantano,Nanopartículas de óxido de itrio (Y₂O₃),Fibras ópticas,10/28/2023
806,Nanopartículas de dióxido de titanio,Nanopartículas de óxido de neodimio (Nd₂O₃),Tratamiento de aguas,7/26/2024
807,Nanopartículas de platino,Nanopartículas de óxido de erbio (Er₂O₃),Sensores de gas,3/9/2024
808,Nanopartículas de óxido de holmio,Nanopartículas de óxido de holmio (Ho₂O₃),Pantallas de alta resolución,6/22/2024
809,Nanopartículas de óxido de lutecio,Nanosheets de nitruro de boro (BN),Imanes,12/20/2023
810,Nanopartículas de óxido de holmio,Nanopartículas de óxido de lantano (La₂O₃),Protección solar,7/15/2024
811,Nanopartículas de óxido de europio,Nanopartículas de óxido de praseodimio (Pr₆O₁₁),Tratamiento de aguas,5/10/2024
812,Materiales nanoporosos,Nanopartículas de hierro (Fe),Imanes,4/13/2024
813,Nanopartículas de óxido de tulio.,Nanopartículas de óxido de europio (Eu₂O₃),Imanes,9/6/2024
814,Nanopartículas de óxido de samario,Nanopartículas de óxido de praseodimio (Pr₆O₁₁),Lubricantes y pulido,7/11/2024
815,Nanosheets de MOF 2D,Nanopartículas de óxido de gadolinio (Gd₂O₃),Electrónica flexible,3/30/2024
816,Nanopartículas de óxido de estaño,Materiales nanoporosos (null),Fibras ópticas,9/14/2024
817,Nanopartículas de óxido de erbio,Nanopartículas de óxido de lutecio (Lu₂O₃),Baterías recargables,7/30/2024
818,Nanopartículas de óxido de cobalto,Nanopartículas de óxido de estaño (SnO₂),Revestimientos protectores,7/10/2024
819,Nanopartículas de óxido de tulio,Nanopartículas de óxido de terbio (Tb₄O₇),Fibras ópticas,5/13/2024
820,Nanopartículas de óxido de disprosio,Nanopartículas de óxido de magnesio (MgO),Fósforos,3/20/2024
821,Nanopartículas de óxido de disprosio,Nanopartículas de óxido de samario (Sm₂O₃),Imanes,7/20/2024
822,Nanopartículas de óxido de europio,Nanohornos de carbono ©,Imanes,11/2/2023
823,Nanopartículas de óxido de neodimio,Nanopartículas de óxido de tulio (Tm₂O₃),Optoelectrónica,8/14/2024
824,Nanopartículas de óxido de disprosio,Nanopartículas de óxido de hierro (Fe₂O₃),Imanes,7/9/2024
825,Nanopartículas de óxido de tungsteno,Nanopartículas de óxido de gadolinio (Gd₂O₃),Catalizadores,12/7/2023
826,Nanopartículas de óxido de terbio,Puntos cuánticos de carbono ©,Imanes,10/11/2024
827,Nanopartículas de óxido de erbio,Nanopartículas de óxido de tulio (Tm₂O₃),Pantallas de alta resolución,6/27/2024
828,Nanopartículas de óxido de aluminio,Nanopartículas de óxido de prometio (Pm₂O₃),Tratamiento de aguas,10/17/2023
829,Nanopartículas de óxido de disprosio,Nanopartículas de óxido de lutecio (Lu₂O₃),Imanes,1/8/2024
830,Nanopartículas de óxido de gadolinio,Nanopartículas de óxido de estaño (SnO₂),Imanes,1/11/2024
831,Nanotubos de carbono,Nanopartículas de óxido de aluminio (Al₂O₃),Catalizadores,2/9/2024
832,Nanopartículas de óxido de europio,Nanopartículas de óxido de lutecio (Lu₂O₃),Imanes,3/12/2024
833,Puntos cuánticos de carbono,MXenes (null),Imanes,6/15/2024
834,Nanopartículas de sílice,Nanopartículas de óxido de lutecio (Lu₂O₃),Imanes,4/24/2024
835,Nanopartículas de óxido de neodimio,Nanomateriales cristalinos (null),Imanes,6/13/2024
836,Nanopartículas de óxido de terbio,Puntos cuánticos de carbono ©,Revestimientos protectores,8/14/2024
837,Nanopartículas de óxido de samario,Nanopartículas de óxido de terbio (Tb₄O₇),Imanes,6/21/2024
838,Nanodiamantes,Nanopartículas de óxido de aluminio (Al₂O₃),Fibras ópticas,3/15/2024
839,Nanopartículas de plata,Nanopartículas de hierro (Fe),Fibras ópticas,12/15/2023
840,Nanopartículas de óxido de estaño,Nanopartículas de óxido de níquel (NiO),Fósforos,1/3/2024
841,Nanopartículas de óxido de iterbio,Nanopartículas de óxido de lutecio (Lu₂O₃),Conductores eléctricos,10/18/2023
842,Nanopartículas de óxido de erbio,Nanopartículas de óxido de erbio (Er₂O₃),Imanes,5/6/2024
843,Nanopartículas de óxido de aluminio,Puntos cuánticos de carbono ©,Imanes,6/16/2024
844,Nanopartículas de óxido de samario,Nanopartículas de óxido de samario (Sm₂O₃),Imanes,8/17/2024
845,Nanopartículas de óxido de tulio,Nanopartículas de óxido de disprosio (Dy₂O₃),Antioxidantes y agentes antivirales,3/3/2024
846,Nanopartículas de óxido de neodimio,Nanopartículas de óxido de disprosio (Dy₂O₃),Imanes,9/5/2024
847,Nanohornos de carbono,Nanopartículas de óxido de hafnio (HfO₂),Fósforos,11/21/2023
848,Nanopartículas de óxido de terbio,Nanopartículas de óxido de cobalto (Co₃O₄),Imanes,8/27/2024
849,Nanopartículas de óxido de iterbio,Nanopartículas de óxido de tulio (Tm₂O₃).,Sensores de gas,8/11/2024
850,Nanopartículas de óxido de tungsteno,Nanopartículas de óxido de itrio (Y₂O₃),Imanes,1/2/2024
851,Nanopartículas de óxido de aluminio,Nanomateriales cristalinos (null),Tratamiento de aguas,8/6/2024
852,Nanodiamantes,Nanopartículas de sílice (SiO₂),Fósforos,11/12/2023
853,Nanopartículas de óxido de gadolinio,Nanohornos de carbono ©,Conductores eléctricos,10/19/2023
854,Nanopartículas de cerámica,Nanosheets de nitruro de boro (BN),Imanes,2/10/2024
855,Nanocompuestos,Nanopartículas de óxido de prometio (Pm₂O₃),Imanes,7/9/2024
856,Puntos cuánticos de carbono,Nanopartículas de óxido de tulio (Tm₂O₃),Revestimientos protectores,2/11/2024
857,Antimoneno,Nanodiamantes ©,Fósforos,3/9/2024
858,Nanohornos de carbono,Puntos cuánticos de carbono ©,Imanes,4/14/2024
859,Nanomateriales cristalinos,Nanopartículas de celulosa (C₆H₁₀O₅),Fósforos,3/27/2024
860,Nanopartículas de óxido de tungsteno,Nanodiamantes ©,Fósforos,11/28/2023
861,Nanopartículas de cerámica,Nanopartículas de cobre (Cu),Dispositivos electrónicos,5/20/2024
862,Nanopartículas de óxido de zinc,Nanopartículas de óxido de samario (Sm₂O₃),Imanes,1/21/2024
863,Nanotubos de carbono,MXenes (null),Fibras ópticas,2/9/2024
864,Nanopartículas de óxido de tulio,Hidróxidos dobles laminares (null),Fósforos,3/23/2024
865,Nanopartículas de óxido de disprosio,Nanopartículas de óxido de holmio (Ho₂O₃),Tratamiento de aguas,12/2/2023
866,Nanopartículas de óxido de circonio,Nanopartículas de óxido de erbio (Er₂O₃),Fósforos,11/23/2023
867,Nanoespumas,Nanopartículas de óxido de erbio (Er₂O₃),Adsorción y catálisis,7/10/2024
868,Nanopartículas de óxido de prometio,Nanodiamantes ©,Aislamiento térmico,4/10/2024
869,Nanopartículas de sílice,Nanopartículas de óxido de iterbio (Yb₂O₃),Imanes,10/16/2023
870,Nanopartículas de núcleo-cáscara,Nanohornos de carbono ©,Imanes,4/30/2024
871,Nanopartículas de óxido de erbio,Nanopartículas de óxido de erbio (Er₂O₃),Transistores de alta velocidad,8/29/2024
872,Nanotubos de carbono,Nanopartículas de óxido de níquel (NiO),Catalizadores,4/16/2024
873,Nanopartículas de óxido de cobalto,Nanopartículas de óxido de europio (Eu₂O₃),Fósforos,11/27/2023
874,Nanopartículas de óxido de holmio,Nanopartículas de platino (Pt),Fósforos,6/20/2024
875,Nanopartículas de óxido de níquel,Nanopartículas de óxido de praseodimio (Pr₆O₁₁),Láseres,11/2/2023
876,Nanopartículas de óxido de hierro,Nanopartículas de dióxido de titanio (TiO₂),Sensores,4/3/2024
877,Nanopartículas de óxido de lutecio,Nanopartículas de óxido de samario (Sm₂O₃),Revestimientos protectores,1/22/2024
878,Nanopartículas de hierro,Antimoneno (Sb),Tratamiento de aguas,10/17/2023
879,Nanopartículas de óxido de prometio,Nanopartículas de óxido de cobalto (Co₃O₄),Fósforos,9/9/2024
880,Nanopartículas de óxido de disprosio,Nanopartículas de hierro (Fe),Imanes,1/19/2024
881,Nanopartículas de óxido de europio,Nanopartículas de óxido de lutecio (Lu₂O₃),Láseres,1/8/2024
882,Nanopartículas de dióxido de titanio,Nanopartículas de óxido de zinc (ZnO),Fibras ópticas,5/15/2024
883,Nanocompuestos,Puntos cuánticos de carbono ©,Revestimientos cerámicos,2/2/2024
884,Nanopartículas de óxido de samario,Nanopartículas de óxido de aluminio (Al₂O₃),Láseres,1/8/2024
885,Nanocompuestos,Nanohornos de carbono ©,Imanes,6/5/2024
886,Nanopartículas de óxido de hafnio,Nanopartículas de óxido de europio (Eu₂O₃),Imanes,11/11/2023
887,Nanopartículas de óxido de neodimio,Nanopartículas de óxido de circonio (ZrO₂),Revestimientos protectores,3/7/2024
888,Siliceno,Nanopartículas de óxido de gadolinio (Gd₂O₃),Aislamiento térmico,2/3/2024
889,Nanopartículas de óxido de iterbio,Nanopartículas de núcleo-cáscara (null),Imanes,5/27/2024
890,Nanopartículas de óxido de praseodimio,Nanopartículas de óxido de praseodimio (Pr₆O₁₁),Imanes,12/22/2023
891,Nanopartículas de óxido de neodimio,Nanopartículas de óxido de gadolinio (Gd₂O₃),Refuerzo en materiales compuestos,5/10/2024
892,Nanopartículas de óxido de cobalto,Nanopartículas de platino (Pt),Catálisis,9/29/2024
893,Nanopartículas de óxido de disprosio,Nanopartículas de óxido de níquel (NiO),Conductores eléctricos,10/7/2024
894,Nanopartículas de óxido de estaño,Nanopartículas metálicas (null),Fósforos,7/22/2024
895,Nanopartículas de óxido de prometio,MXenes (null),Imanes,12/29/2023
896,Nanopartículas de óxido de terbio,Nanopartículas de óxido de samario (Sm₂O₃),Protección solar,10/20/2023
897,Nanopartículas de óxido de lantano,Nanopartículas de óxido de erbio (Er₂O₃),Imanes,12/16/2023
898,Nanopartículas de óxido de lutecio,Nanohornos de carbono ©,Láseres,2/8/2024
899,Nanopartículas de óxido de disprosio,Nanopartículas de óxido de disprosio (Dy₂O₃),Imanes,6/20/2024
900,Nanopartículas de óxido de circonio,Nanopartículas de óxido de erbio (Er₂O₃),Imanes,1/28/2024
901,Nanopartículas de óxido de gadolinio,Nanopartículas de óxido de europio (Eu₂O₃),Láseres,9/7/2024
902,Nanopartículas de plata,Nanopartículas de óxido de samario (Sm₂O₃),Imanes,10/14/2024
903,Nanoespumas,Nanopartículas de óxido de circonio (ZrO₂),Revestimientos protectores,9/30/2024
904,Nanopartículas de óxido de iterbio,Nanopartículas de óxido de tulio (Tm₂O₃),Refuerzo en caucho,6/14/2024
905,Nanopartículas de óxido de prometio,Nanoespumas (null),Imanes,12/22/2023
906,Nanopartículas de óxido de tulio,Nanopartículas de óxido de hafnio (HfO₂),Imanes,3/29/2024
907,Nanopartículas de platino,Nanopartículas de óxido de samario (Sm₂O₃),Fósforos,3/28/2024
908,Nanopartículas de óxido de estaño,Nanosheets de MOF 2D (null),Catalizadores,1/20/2024
909,Nanopartículas de óxido de tulio.,Nanopartículas de óxido de tulio (Tm₂O₃).,Imanes,7/18/2024
910,Nanopartículas de óxido de hafnio,Nanopartículas de óxido de holmio (Ho₂O₃),Fósforos,4/14/2024
911,Nanopartículas de óxido de lutecio,Nanopartículas de óxido de tungsteno (WO₃),Revestimientos protectores,10/16/2023
912,Nanopartículas de óxido de tulio,Nanopartículas de óxido de disprosio (Dy₂O₃),Fibras ópticas,4/29/2024
913,Nanodiamantes,Nanopartículas de óxido de tulio (Tm₂O₃).,Separación de gases,4/29/2024
914,Nanopartículas de óxido de europio,Nanopartículas de plata (Ag),Dispositivos electrónicos,6/7/2024
915,Nanopartículas de óxido de terbio,Nanopartículas de óxido de cobalto (Co₃O₄),Revestimientos protectores,2/16/2024
916,Nanopartículas de óxido de europio,Nanodiamantes ©,Protección solar,7/26/2024
917,Nanopartículas de óxido de iterbio,Nanopartículas de óxido de holmio (Ho₂O₃),Imanes,2/18/2024
918,Nanopartículas de dióxido de titanio,Materiales nanoporosos (null),Láseres,11/13/2023
919,Nanopartículas de óxido de lantano,Nanopartículas de óxido de itrio (Y₂O₃),Imanes,8/1/2024
920,Nanopartículas de óxido de samario,Nanopartículas de óxido de terbio (Tb₄O₇),Imanes,9/30/2024
921,Nanopartículas de óxido de europio,Materiales nanoporosos (null),Imanes,2/19/2024
922,Nanopartículas de óxido de samario,Nanopartículas de óxido de samario (Sm₂O₃),Optoelectrónica,3/10/2024
923,Nanopartículas de óxido de prometio,Nanocompuestos (null),Imanes,8/27/2024
924,Nanopartículas de óxido de tulio,Nanopartículas de óxido de neodimio (Nd₂O₃),Baterías recargables,10/28/2023
925,Nanopartículas de óxido de praseodimio,Nanopartículas de óxido de samario (Sm₂O₃),Fósforos,7/17/2024
926,Nanopartículas de óxido de disprosio,Nanopartículas de óxido de prometio (Pm₂O₃),Imanes,3/16/2024
927,Nanopartículas de óxido de magnesio,MXenes (null),Imanes,5/28/2024
928,Nanopartículas de óxido de prometio,Nanopartículas de oro (Au),Láseres,2/7/2024
929,Nanopartículas de óxido de disprosio,Nanopartículas de óxido de erbio (Er₂O₃),Adsorción y catálisis,1/24/2024
930,Materiales nanoporosos,MXenes (null),Pantallas de alta resolución,7/20/2024
931,Nanopartículas de óxido de praseodimio,Nanopartículas de oro (Au),Catalizadores,11/12/2023
932,Nanopartículas de platino,Nanopartículas de óxido de lutecio (Lu₂O₃),Fósforos,1/25/2024
933,Nanopartículas de óxido de magnesio,Nanopartículas de óxido de prometio (Pm₂O₃),Aislamiento térmico,1/23/2024
934,Nanopartículas de óxido de praseodimio,Nanopartículas de óxido de disprosio (Dy₂O₃),Imanes,7/17/2024
935,Nanopartículas de óxido de samario,Nanopartículas de óxido de lutecio (Lu₂O₃),Catalizadores,10/11/2024
936,Nanopartículas de óxido de magnesio,Nanopartículas de óxido de gadolinio (Gd₂O₃),Catalizadores,3/16/2024
937,Nanopartículas de óxido de terbio,Materiales nanoporosos (null),Biomedicina,8/22/2024
938,Nanopartículas de dióxido de titanio,Nanoespumas (null),Fósforos,5/6/2024
939,Nanopartículas de óxido de neodimio,Nanopartículas de óxido de circonio (ZrO₂),Imanes,9/23/2024
940,Nanopartículas de óxido de aluminio,Nanopartículas de óxido de holmio (Ho₂O₃),Baterías recargables,8/23/2024
941,Nanopartículas de óxido de prometio,Nanopartículas de óxido de lutecio (Lu₂O₃),Protección solar,8/1/2024
942,Nanopartículas de óxido de itrio,Nanopartículas de óxido de gadolinio (Gd₂O₃),Baterías recargables,10/8/2024
943,Nanopartículas de óxido de samario,Nanotubos de carbono ©,Fósforos,2/20/2024
944,Materiales nanoporosos,Nanopartículas de óxido de itrio (Y₂O₃),Sensores,2/18/2024
945,Nanopartículas de óxido de europio,Nanopartículas de óxido de neodimio (Nd₂O₃),Fósforos,5/5/2024
946,MXenes,Nanopartículas de núcleo-cáscara (null),Fósforos,11/20/2023
947,Nanopartículas de cobre,Nanopartículas de óxido de praseodimio (Pr₆O₁₁),Láseres,9/25/2024
948,Nanopartículas de óxido de praseodimio,Nanohornos de carbono ©,Imanes,9/16/2024
949,Nanopartículas de óxido de europio,Nanopartículas de óxido de tulio (Tm₂O₃),Láseres,12/3/2023
950,Nanopartículas de óxido de europio,Nanopartículas de óxido de neodimio (Nd₂O₃),Imanes,10/13/2024
951,Nanopartículas de óxido de terbio,Nanopartículas de celulosa (C₆H₁₀O₅),Protección solar,10/21/2023
952,Nanopartículas de óxido de neodimio,Nanopartículas de óxido de praseodimio (Pr₆O₁₁),Fósforos,10/30/2023
953,Nanopartículas de óxido de tulio.,Nanoespumas (null),Imanes,3/29/2024
954,Nanopartículas de óxido de gadolinio,Nanopartículas de óxido de neodimio (Nd₂O₃),Conductores eléctricos,8/11/2024
955,Nanoespumas,Nanopartículas de óxido de europio (Eu₂O₃),Fósforos,3/26/2024
956,Nanopartículas de óxido de europio,Nanopartículas de óxido de holmio (Ho₂O₃),Antioxidantes y agentes antivirales,9/1/2024
957,Nanopartículas de óxido de samario,Nanopartículas de óxido de neodimio (Nd₂O₃),Láseres.,2/25/2024
958,Nanosheets de MOF 2D,Nanopartículas de óxido de iterbio (Yb₂O₃),Catalizadores,3/13/2024
959,Nanopartículas de dióxido de titanio,Nanopartículas de óxido de terbio (Tb₄O₇),Fósforos,10/30/2023
960,Nanopartículas de óxido de lutecio,Nanomateriales cristalinos (null),Fósforos,10/25/2023
961,Nanopartículas de óxido de terbio,Grafeno ©,Imanes,8/27/2024
962,Nanopartículas de óxido de hafnio,Nanodiamantes ©,Baterías,2/3/2024
963,Nanopartículas de óxido de lutecio,Nanopartículas de óxido de erbio (Er₂O₃),Catalizadores,4/8/2024
964,Nanopartículas de óxido de lutecio,Nanopartículas de núcleo-cáscara (null),Imanes,3/31/2024
965,Nanopartículas de cobre,Nanopartículas de óxido de neodimio (Nd₂O₃),Imanes,10/23/2023
966,Grafeno,Nanopartículas de óxido de erbio (Er₂O₃),Fósforos,11/6/2023
967,Nanopartículas de óxido de itrio,Nanohornos de carbono ©,Láseres,1/24/2024
968,Nanopartículas de óxido de praseodimio,Nanopartículas de óxido de europio (Eu₂O₃),Dispositivos electrónicos,7/26/2024
969,Nanohornos de carbono,Nanopartículas de óxido de gadolinio (Gd₂O₃),Optoelectrónica,1/31/2024
970,Nanopartículas de óxido de holmio,Nanopartículas de óxido de terbio (Tb₄O₇),Láseres,1/7/2024
971,Nanopartículas de óxido de praseodimio,Nanopartículas de óxido de terbio (Tb₄O₇),Imanes,6/7/2024
972,Nanopartículas de óxido de erbio,Nanomateriales cristalinos (null),Imanes,5/23/2024
973,Nanopartículas de óxido de holmio,Nanopartículas de óxido de europio (Eu₂O₃),Imanes,5/20/2024
974,Nanopartículas de óxido de terbio,Grafeno ©,Refuerzo en materiales compuestos,11/12/2023
975,Nanopartículas de óxido de disprosio,Nanopartículas de óxido de níquel (NiO),Revestimientos cerámicos,11/28/2023
976,Nanodiamantes,Nanopartículas de óxido de lutecio (Lu₂O₃),Imanes,8/24/2024
977,Nanopartículas de óxido de tungsteno,Siliceno (Si),Imanes,7/6/2024
978,Puntos cuánticos de carbono,Nanopartículas de óxido de terbio (Tb₄O₇),Fósforos,8/9/2024
979,Nanopartículas de óxido de disprosio,Nanopartículas de óxido de iterbio (Yb₂O₃),Sensores,12/18/2023
980,Nanopartículas de óxido de lutecio,Nanosheets de MOF 2D (null),Láseres,8/13/2024
981,Nanopartículas de óxido de lantano,Nanopartículas de óxido de erbio (Er₂O₃),Baterías recargables,1/8/2024
982,Nanopartículas de óxido de lantano,Nanopartículas de óxido de terbio (Tb₄O₇),Láseres,10/18/2023
983,Nanopartículas de óxido de erbio,Nanopartículas de óxido de cobalto (Co₃O₄),Láseres,8/13/2024
984,Nanopartículas de óxido de samario,Nanopartículas de óxido de níquel (NiO),Láseres,4/30/2024
985,Nanopartículas de óxido de tulio,Nanopartículas de óxido de aluminio (Al₂O₃),Imanes,12/8/2023
986,Siliceno,Nanopartículas de óxido de erbio (Er₂O₃),Imanes,1/28/2024
987,Nanopartículas de óxido de terbio,Nanopartículas de óxido de gadolinio (Gd₂O₃),Adsorción y catálisis,12/25/2023
988,Nanopartículas de óxido de iterbio,Nanopartículas de óxido de disprosio (Dy₂O₃),Imanes,11/25/2023
989,Nanopartículas de óxido de terbio,Nanopartículas de núcleo-cáscara (null),Fósforos,6/7/2024
990,Nanopartículas de óxido de gadolinio,Nanomateriales cristalinos (null),Imanes,5/4/2024
991,Nanopartículas de óxido de lutecio,Nanopartículas de óxido de disprosio (Dy₂O₃),Transistores de alta velocidad,4/20/2024
992,Nanosheets de nitruro de boro,Nanopartículas de óxido de tulio (Tm₂O₃),Almacenamiento de energía,7/27/2024
993,Nanopartículas de óxido de hierro,Nanopartículas de platino (Pt),Láseres.,3/30/2024
994,Nanopartículas de óxido de praseodimio,Nanopartículas de óxido de disprosio (Dy₂O₃),Imanes,1/4/2024
995,Nanohornos de carbono,Nanosheets de nitruro de boro (BN),Imanes,6/3/2024
996,Nanopartículas de óxido de gadolinio,Nanopartículas de núcleo-cáscara (null),Láseres,10/15/2024
997,Nanohornos de carbono,Nanohornos de carbono ©,Refuerzo en materiales compuestos,10/3/2024
998,Nanoespumas,Nanopartículas de plata (Ag),Imanes,3/28/2024
999,Nanopartículas de óxido de prometio,Nanopartículas de óxido de samario (Sm₂O₃),Fósforos,11/21/2023
1000,Nanodiamantes,Antimoneno (Sb),Imanes,5/30/2024
